a.akalin = Altuna Akalin <aakalin@gmail.com>
a.ameur = Adam Ameur <Adam.Ameur@lcb.uu.se>
a.aragaki = Aaron Aragaki <aaragaki@fhcrc.org>
a.atkins = Alex  Atkins <aatkins@fhcrc.org>
a.azad = Ariful Azad <aazad@purdue.edu>
a.bashashati = Ali Bashashati <abashash@bccrc.ca>
a.bass = Andrew Bass <ajbass@princeton.edu>
a.bergon = Aurelie Bergon <bergon@tagc.univ-mrs.fr>
a.biton = Anne Biton <anne.biton@gmail.com>
a.bohler = Anwesha Bohler <anweshabohler@gmail.com>
a.buerger = Annika Buerger <annika.buerger@ukmuenster.de>
abuness = a.buness@dkfz-heidelberg.de a.buness@dkfz-heidelberg.de <a.buness@dkfz-heidelberg.de>
a.caceres = Alejandro Caceres <acaceres@creal.cat>
a.cichonska = Anna Cichonska <anna.cichonska@helsinki.fi>
a.colaprico = Antonio Colaprico <antonio.colaprico@ulb.ac.be>
a.coletta = Alain Coletta <alaincoletta@insilicodb.com>
a.conesa = Ana  Conesa <aconesa@ivia.es>
a.cornish = Alex Cornish <a.cornish12@imperial.ac.uk>
a.daemen = Anneleen Daemen <daemena@gene.com>
adam@labkey.com = adam@labkey.com adam@labkey.com <adam@labkey.com>
adam@treestar.com = Adam Treister <adam@treestar.com>
a.davis = Austin Davis  <awdavis@fhcrc.org>
a.decker = Anna Decker <deckera@berkeley.edu>
a.delabriere = Alexis Delabriere <alexis.delabriere@cea.fr>
a.deschenes = Astrid Louise Deschenes <Astrid-Louise.Deschenes@crchudequebec.ulaval.ca>
adetter@fhcrc.org = adetter@fhcrc.org adetter@fhcrc.org <adetter@fhcrc.org>
a.drewek = Anna Drewek <adrewek@stat.math.ethz.ch>
a.droit = Arnaud Droit <arnaud.droit@ircm.qc.ca>
Aedin.Culhane@ucd.ie = Aedin Culhane <Aedin.Culhane@ucd.ie>
a.franceschini = Andrea Franceschini <andrea.franceschini@isb-sib.ch>
a.frazee = Alyssa Frazee <alyssa.frazee@gmail.com>
a.frenis = Anna Freni Sterrantino <afrenis@fhcrc.org>
a.galuhn = Anthony Galuhn <tgaluhn@labkey.com>
a.gartland = Andrew Gartland <agartlan@fhcrc.org>
a.gavai = Anand K Gavai <anand.gavai@bioinformatics.nl>
a.gawne = Agnes Gawne <agawne@fhcrc.org>
a.gobbi = Andrea Gobbi <gobbi.andrea@mail.com>
a.goncalves = Angela Goncalves <filimon@ebi.ac.uk>
a.gonzalez = Aitor Gonzalez <aitor.gonzalez@univ-amu.fr>
a.gonzalez-beltran = Alejandra Gonzalez-Beltran <isatools@googlegroups.com>
a.grudenzi = Alex Graudenzi <alex.graudenzi@disco.unimib.it>
a.gupta = Anuj Gupta <agupta52@jhu.edu>
a.gutierrez-scristan = Alba Gutierrez-Sacristan <alba.gutierrez@upf.edu>
a.hawkins = Anthony Hawkins <anthony.hawkins@mcri.edu.au>
a.heider = Andreas Heider <aheider@trm.uni-leipzig.de>
a.heindl = Andreas Heindl <andreas.heindl@icr.ac.uk>
a.honkela = Antti Honkela <antti.honkela@tkk.fi>
a.inostroza = Alvaro Cuadros-Inostroza <inostroza@mpimp-golm.mpg.de>
a.jalali = Adrin Jalali <ajalali@bccrc.ca>
a.johnston = Andrew Damon Johnston <Andrew.Johnston@med.einstein.yu.edu>
a.kalaitzis = Alfredo A Kalaitzis <alkalait@gmail.com>
a.kalinka = Alex T. Kalinka <alex.t.kalinka@gmail.com>
a.karapetyan = Armen R. Karapetyan <armen.karapetyan87@gmail.com>
akatz@fhcrc.org = Alan Katz <akatz@fhcrc.org>
a.kauffmann = Audrey Kauffmann <audrey@ebi.ac.uk>
a.khodabakhshi = Alireza Khodabakhshi <akhodaba@bccrc.ca>
a.komljenovic = Andrea Komljenovic <andreakomljenovic@gmail.com>
a.kucukural = Alper Kucukural <alper.kucukural@umassmed.edu>
a.kuhn = Alexandre Kuhn <alexandre.m.kuhn@gmail.com>
a.leblanc = Alain Leblanc <Alain_LeBlanc@URMC.Rochester.edu>
a.lemacon = Audrey Lemacon <audrey.lemacon.1@ulaval.ca>
a.leonardson = Amy S Leonardson <aleonard@fredhutch.org>
a.lerch = Anita Lerch <anita.lerch@fmi.ch>
a.lewin = Alex Lewin <a.m.lewin@imperial.ac.uk>
alexa@mpi-inf.mpg.de = Adrian Alexa <alexa@mpi-inf.mpg.de>
Alexander.Ploner@ki.se = Alexander.Ploner@ki.se Alexander.Ploner@ki.se <Alexander.Ploner@ki.se>
alexandre.kuhn@isb-sib.ch = Alexandre Kuhn <alexandre.kuhn@isb-sib.ch>
a.lisovich = Alex Lisovich <all67@pitt.edu>
a.liu = Angela Liu <lliu2@fhcrc.org>
aludwig@fhcrc.org = Abi Ludwig <aludwig@fhcrc.org>
a.lun = Aaron Lun <alun@wehi.EDU.AU>
a.luna = Augustin Luna <lunaa@cbio.mskcc.org>
a.lynch = Andy Lynch <andy.lynch@cancer.org.uk>
a.macnamara = Aidan MacNamara <aidan.macnamara@ebi.ac.uk>
a.mammana = Alessandro Mammana <mammana@molgen.mpg.de>
a.mantsoki = Anna Mantsoki <anna.mantsoki@bsc.es>
a.mark = Adam Mark <adam.maikai@gmail.com>
a.mashadi-hossein = Afshin Mashadi-Hossein <afshinmh@gmail.com>
a.mayakonda = Anand Mayakonda <anand_mt@hotmail.com>
a.mcdavid = Andrew McDavid <Andrew_McDavid@urmc.rochester.edu>
a.mehmood = Arfa Mehmood <arfa.mehmood@utu.fi>
a.mitterecker = Andreas Mitterecker <mitterecker@bioinf.jku.at>
amock = Andreas Mock <mock.science@gmail.com>
a.mohamed = Ahmed Mohamed <mohamed@kuicr.kyoto-u.ac.jp>
a.mueller = Arne Mueller <arne.mueller@novartis.com>
a.murison = Alex Murison <Alexander.Murison@icr.ac.uk>
amyoung = amyoung@fhcrc.org amyoung@fhcrc.org <amyoung@fhcrc.org>
a.neudecker = Andreas Neudecker <a.neudecker@arcor.de>
anja = Anja.von.Heydebreck@merck.de Anja.von.Heydebreck@merck.de <Anja.von.Heydebreck@merck.de>
antoinelucas@libertysurf.fr = Antoine Lucas <antoinelucas@libertysurf.fr>
a.obulkasim = Askar Obulkasim <askar.wubulikasimu@vumc.nl>
a.oles = Andrzej Oleś <andrzej.oles@gmail.com>
a.omaiye = Angelica Omaiye <angelicao@labkey.com>
a.oron = Assaf Oron <aoron@fhcrc.org>
a.parodi = Alice Parodi <alicecarla.parodi@polimi.it>
a.pickering = Alex Pickering <alexvpickering@gmail.com>
a.popa = Alexandra Popa <alexandra.mariela.popa@gmail.com>
a.quiroz-zarate = Alejandro Quiroz-Zarate <aquiroz@hsph.harvard.edu>
a.rau = Andrea Rau <andrea.rau@jouy.inra.fr>
arauch = arauch@fhcrc.org arauch@fhcrc.org <arauch@fhcrc.org>
a.rauschenberger = Armin Rauschenberger <a.rauschenberger@vumc.nl>
a.rausell = Antonio Rausell <antonio.rausell@isb-sib.ch>
a.reyes = Alejandro Reyes <alejandro.reyes@embl.de>
a.riebler = Andrea Riebler <andrea.riebler@ifspm.uzh.ch>
a.riva = Alberto Riva <ariva@ufl.edu>
a.rodriguez-martinez = Andrea Rodriguez-Martinez <andrea.rodriguez-martinez13@imperial.ac.uk>
a.roth = Alexander Roth <alexander.roth@gmail.com>
a.sadot = Avital Sadot <avital@labkey.com>
a.sakellariou = Argiris Sakellariou <a.sakellariou@gonkhosp.gr>
a.sanchez = Alex Sánchez <asanchez@ub.edu>
a.selega = Alina Selega <alina.selega@gmail.com>
a.sergushichev = Alexey Sergushichev <alsergbox@gmail.com>
a.sewer = Alain Sewer <DL.RSupport@pmi.com>
a.shabalin = Andrey A Shabalin <ashabalin@vcu.edu>
ashish.kulkarni@kalyptorisk.com = Ashish Kulkarni <ashish.kulkarni@kalyptorisk.com>
a.solari = Aldo Solari <aldo.solari@unimib.it>
a.statham = Aaron Statham <a.statham@garvan.org.au>
a.stimmel = Abigail Stimmel <astimmel@fhcrc.org>
a.stilp = Adrienne Stilp <amstilp@uw.edu>
atarca@med.wayne.edu = Adi Tarca <atarca@med.wayne.edu>
a.tang = Alice Tang <alicet@labkey.com>
a.taudt = Aaron Taudt <aaron.taudt@gmail.com>
a.teschendorff = Andrew E. Teschendorff <a.teschendorff@ucl.ac.uk>
a.ticoll = Amy Ticoll <aticoll@fhcrc.org>
a.tikhonov = Andrew Tikhonov <andrew@ebi.ac.uk>
a.torrente = Aurora Torrente <aurora@ebi.ac.uk>
a.touloumis = Anestis Touloumis <Anestis.Touloumis@cruk.cam.ac.uk>
a.vetta = Adrian Vetta <vetta@math.mcgill.ca>
a.vrahatis = Aristidis G Vrahatis <agvrahatis@upatras.gr>
a.waardenberg = Ash Waardenberg <A.Waardenberg@victorchang.edu.au>
a.wacher = Abigail Wacher <awacher@fhcrc.org>
a.wachter = Astrid Wachter <Astrid.Wachter@med.uni-goettingen.de>
a.wan = Aiping Wan <awan@primate.wisc.edu>
a.westveld = Anton Westveld <anton.westveld@unlv.edu>
a.wolen = Aaron Wolen <aaron@wolen.com>
a.wuster = Arthur Wuster <wustera@gene.com>
a.zackay = Arie Zackay <zackay@molgen.mpg.de>
b.afsari = Bahman Afsari <bahman@jhu.edu>
bates = Douglas Bates <bates@stat.wisc.edu>
b.bennett = Brian D. Bennett <brian.bennett@nih.gov>
b.bimber = Ben  Bimber <bbimber@gmail.com>
b.bonde = Bhushan Bonde <bkbonde@gmail.com>
b.calder = R. Brent Calder <brent.calder@einstein.yu.edu>
b.callahan = Benjamin Callahan <benjamin.j.callahan@gmail.com>
bcarvalh@jhsph.edu = Benilton Carvalho <bcarvalh@jhsph.edu>
b.chain = Benny Chain <b.chain@ucl.ac.uk>
b.chang = Billy Heung Wing Chang <billyheungwing@gmail.com>
b.claus = Bernd Klaus <bernd.klaus@embl.de>
b.claywell = Brian Claywell <bclaywel@fhcrc.org>
b.connolly = Brian Connolly <bconn@labkey.com>
b.dodson = Bret Dodson <bdodson@fhcrc.org>
b.dwivedi = Bhakti Dwivedi <bhakti.dwivedi@emory.edu>
beissbar = Tim Beissbarth <beissbarth@wehi.edu.au>
bengler = Brian Engler <bengler@fhcrc.org>
bettina.fischer = Bettina Fischer <bef22@cam.ac.uk>
b.fischer = Bernd Fischer <bernd.fischer@embl.de>
b.friedman = Brad Friedman <friedmab@gene.com>
b.gel = Bernat Gel <bgel@imppc.org>
b.haibe-kains = Benjamin Haibe-Kains <benjamin.haibe.kains@utoronto.ca>
b.harshfield = BJ Harshfield <rebjh@channing.harvard.edu>
b.harvey = Benjamin Harvey <bsharvey@mit.edu>
b.holland = Brad Holland <bradh@labkey.com>
b.houte = Bart P.P. van Houte <bvhoute@few.vu.nl>
bioc-sync = Dan Tenenbaum <dtenenba@fhcrc.org>
b.johannessen = Bjarne Johannessen <bjajoh@rr-research.no>
b.johnson = Blythe Johnson <bpdurbin@ucdavis.edu>
b.khomtchouk = Bohdan Khomtchouk <khomtchoukmed@gmail.com>
b.knapp = Bettina Knapp <bettina.knapp@helmholtz-muenchen.de>
b.lee = Bernard Lee <bernardl@labkey.com>
blindglob = blindglobe@qmail.com blindglobe@qmail.com <blindglobe@qmail.com>
b.logsdon = Ben  Logsdon <blogsdon@fhcrc.org>
b.long = Brian Long <Brian.Long@RoswellPark.org>
bmaclean = bmaclean@fhcrc.org bmaclean@fhcrc.org <bmaclean@fhcrc.org>
b.mcgough = Benjamin McGough <bmcgough@fhcrc.org>
b.mifsud = Borbala Mifsud <Borbala.Mifsud@cancer.org.uk>
bnelms = Brad Nelms <bnelms.research@gmail.com>
bolstad = bolstad@stat.berkeley.edu bolstad@stat.berkeley.edu <bolstad@stat.berkeley.edu>
b.patel = Binal Patel <binalp@labkey.com>
b.phipson = Belinda Phipson <belinda.phipson@mcri.edu.au>
bpiening = bpiening@fhcrc.org bpiening@fhcrc.org <bpiening@fhcrc.org>
b.ren = Boyu Ren <bor158@mail.harvard.edu>
brendanx@labkey.com = brendanx@labkey.com brendanx@labkey.com <brendanx@labkey.com>
brian.pratt@insilicos.com = Brian Pratt <brian.pratt@insilicos.com>
brittp@labkey.com = Britt Piehler <brittp@labkey.com>
brsmith@fhcrc.org = Briana Smith <brsmith@fhcrc.org>
bryce@scharp.org = bryce@scharp.org bryce@scharp.org <bryce@scharp.org>
b.schwalb = Bjoern Schwalb <schwalb@lmb.uni-muenchen.de>
buhlmann = buhlmann@stat.math.ethz.ch buhlmann@stat.math.ethz.ch <buhlmann@stat.math.ethz.ch>
bullard@berkeley.edu = bullard@berkeley.edu bullard@berkeley.edu <bullard@berkeley.edu>
b.uyar = Bora Uyar <bora.uyar@mdc-berlin.de>
b.wang = Bin Wang <binw@uchicago.edu>
b.wen = Bo Wen <wenbo@genomics.cn>
b.wheeler = Bill Wheeler <wheelerb@imsweb.com>
byandell@wisc.edu = Brian Yandell <byandell@wisc.edu>
b.zacher = Benedikt Zacher <zacher@lmb.uni-muenchen.de>
carlb = Carl Benson <carlb@fhcrc.org>
c.arnold = Christian Arnold <christian.arnold@embl.de>
c.bare = Christopher Bare <cbare@systemsbiology.org>
c.barnes = Chris Barnes <christopher.barnes@imperial.ac.uk>
c.barr = Cory Barr <barr.cory@gene.com>
c.bartenhagen = Christoph Bartenhagen <christoph.bartenhagen@ukmuenster.de>
c.beauparlant = Charles Beauparlant <charles.joly-beauparlant@crchul.ulaval.ca>
cbenson@fhcrc.org = Carl Benson <cbenson@fhcrc.org>
c.bernau = Christoph Bernau <bernau@ibe.med.uni-muenchen.de>
c.berry = Charles Berry <ccberry@ucsd.edu>
c.berthiaume = Chris  Berthiaume <chrisbee@uw.edu>
c.bolen = Christopher Bolen <cbolen1@gmail.com>
cboo = Chin Boo <cboo@fhcrc.org>
c.burden = Conrad Burden <conrad.burden@anu.edu.au>
c.burton = CHIA Kuan Hui Burton <chiakhb@gis.a-star.edu.sg>
c.carlson = Chris Carlson <ccarlson@fhcrc.org>
c.cava = Claudia Cava <claudia.cava@ibfm.cnr.it>
c.chaivorapol = Christina Chaivorapol <chaivorapol.christina@gene.com>
c.conley = Conley Christopher <conley.christopher@gmail.com>
c.connolly = Charles Connolly <charles_connolly@comcast.net>
cdacanay = Cip Dacanay <cdacanay@fhcrc.org>
c.danco = Charles G. Danko <dankoc@gmail.com>
c.determan = Charles E. Determan Jr. <cdetermanjr@gmail.com>
c.fakhry = Carl Fakhry <cfakhry@cs.umb.edu>
c.fletez-brant = Christopher Fletez-Brant <cafletezbrant@gmail.com>
c.fresno = Cristobal Fresno <cristobalfresno@gmail.com>
c.gao = Iani Gao Cuilan <cuilan.gao@stjude.org>
c.hao = Chen  Hao <chen_hao@immunol.a-star.edu.sg>
c.hsiao = Hsiao Chiaowen Joyce <joyce.hsiao1@gmail.com>
chutter@fhcrc.org = Carolyn Hutter <chutter@fhcrc.org>
c.isella = Claudio Isella <claudio.isella@ircc.it>
c.joly = Charles Beauparlant <charles.joly-beauparlant@crchul.ulaval.ca>
c.joosse = Chris Joosse <chrisj@labkey.com>
c.kanduri = Chakravarthi Kanduri <chakra.kanduri@gmail.com>
c.kuhl = Carsten Kuhl <ckuhl@ipb-halle.de>
c.lareau = Caleb Lareau <caleblareau@g.harvard.edu>
Claudio.Lottaz@molgen.mpg.de = Claudio Lottaz <Claudio.Lottaz@molgen.mpg.de>
c.lee = Chee Lee <cheelee@umich.edu>
clin@fhcrc.org = Chenwei Lin <clin@fhcrc.org>
c.liu = Chenglin Liu <cliu@sjtu.edu.cn>
c.lottaz = Claudio Lottaz <Claudio.Lottaz@klinik.uni-regensburg.de>
clsmith@bccancer.bc.ca = Clayton Smith <clsmith@bccancer.bc.ca>
c.ma = Chengcheng Ma <tcmcc1986@gmail.com>
cmargaret@scharp.org = cmargaret@scharp.org cmargaret@scharp.org <cmargaret@scharp.org>
c.magaret = Craig A. Magaret <cmagaret@fhcrc.org>
c.maumet = Camille Maumet <cam.m@uq.edu.au>
c.mchugh = Caitlin McHugh <mchughc@uw.edu>
c.meng = Chen  Meng <chen.meng@tum.de>
c.mering = Christian Von Mering <mering@imls.uzh.ch>
cmiller = Cmiller@picr.man.ac.uk Cmiller@picr.man.ac.uk <Cmiller@picr.man.ac.uk>
c.molitor = Cindy Molitor <cindy@scharp.org>
c.murie = Carl Murie <carl.murie@mcgill.ca>
c.nathe = Cory Nathe <cnathe@scharp.org>
colin = colin@colinsmith.org colin@colinsmith.org <colin@colinsmith.org>
c.oliveira = Cristiano Oliveira <cristiano.oliveira@med.uni-heidelberg.de>
c.olsen = Catharina Olsen <colsen@ulb.ac.be>
cope = cope@jhu.edu cope@jhu.edu <cope@jhu.edu>
c.pacini = Clare Pacini <clarepacini@gmail.com>
c.page = Christian M Page <page.ntnu@gmail.com>
c.panse = Christian Panse <cp@fgcz.ethz.ch>
c.plessy = Charles Plessy <plessy@riken.jp>
cqu@fhcrc.org = Conghui Qu <cqu@fhcrc.org>
craig.parman@bifix.org = Craig Parman <craig.parman@bifix.org>
c.reynes = Christelle Reynes <christelle.reynes@igf.cnrs.fr>
c.rostomi = Clifford Rostomily <crosto@fhcrc.org>
c.ruiz-arenas = Carlos Ruiz-Arenas <cruiz@creal.cat>
c.shao = Chunxuan Shao <c.shao@dkfz.de>
cshaw = Carole Shaw <cshaw@fhcrc.org>
c.siska = Charlotte Siska <siska.charlotte@gmail.com>
c.soneson = Charlotte Soneson <charlottesoneson@gmail.com>
c.stephan = Camille Stephan <camille.stephan@irbbarcelona.org>
c.stratowa = Christian Stratowa <cstrato@aon.at>
c.stubben = Chris Stubben <stubben@lanl.gov>
c.terfve = Camille Terfve <cdat2@cam.ac.uk>
c.drapnell = Cole Trapnell <cole@broadinstitute.org>
c.voichita = Calin Voichita <calin@wayne.edu>
c.walter = Carolin Walter <carolin.walter@uni-muenster.de>
c.wardell = Christopher Wardell <Christopher.Wardell@icr.ac.uk>
c.warden = Charles Warden <cwarden@coh.org>
c.wong = Chao-Jen Wong <cwon2@fhcrc.org>
c.wu = Chunlei Wu <cwu@scripps.edu>
c.yanover = Chen  Yanover <cyanover@fhcrc.org>
cyrus@cyrusharmon.org = Cyrus Harmon <cyrus@cyrusharmon.org>
c.zuo = Chandler Zuo <zuo@stat.wisc.edu>
daj025@gmail.com = David James <daj025@gmail.com>
dalmasso@vjf.inserm.fr = Cyril Dalmasso <dalmasso@vjf.inserm.fr>
daswan@aol.com = Dave Swan <daswan@aol.com>
d.beck = Daniel Beck <danlbek@gmail.com>
d.beisser = Daniela Beisser <daniela.beisser@biozentrum.uni-wuerzburg.de>
d.bindreither = Daniel Bindreither <Daniel.Bindreither@gmail.com>
d.bjerre = Daniel Bjerre <bjerre@uw.edu>
d.bottomly = Daniel Bottomly <bottomly@ohsu.edu>
d.bradlee = Dave Bradlee <dave@labkey.com>
d.childs = Dorothee Childs <dorothee.childs@embl.de>
d.chung = Dongjun Chung <chungdon@stat.wisc.edu>
d.clayton = David Clayton <david.clayton@cimr.cam.ac.uk>
d.clevert = Djork-Arne Clevert <okko@clevert.de>
d.coffey = David Coffey <dcoffey@fredhutch.org>
d.cwik = David Cwik <dcwik@primate.wisc.edu>
d.dargahi = Daryanaz Dargahi <daryanazdargahi@gmail.com>
d.diaz = Diana Diaz <dmd@wayne.edu>
ddiez@iib.uam.es = ddiez@iib.uam.es ddiez@iib.uam.es <ddiez@iib.uam.es>
d.duffek = Daniel Duffek <danield@labkey.com>
d.duverle = David duVerle <dave@cb.k.u-tokyo.ac.jp>
d.eddelbuettel = Dirk Eddelbuettel <edd@debian.org>
deepayan@stat.wisc.edu = EBarrays Deepayan <deepayan@stat.wisc.edu>
dettling = dettling@stat.math.ethz.ch dettling@stat.math.ethz.ch <dettling@stat.math.ethz.ch>
d.fischer = David Fischer <dajofischer@googlemail.com>
d.fofana = Demba Fofana <demba.fofana@stjude.org>
d.gaidatzis = Dimosthenis Gaidatzis <Dimosthenis.Gaidatzis@fmi.ch>
d.gatti = Daniel Gatti <Dan.Gatti@jax.org>
d.gibbs = David L Gibbs <gibbsd@ohsu.edu>
d.goldstein = Darlene Goldstein <Darlene.Goldstein@epfl.ch>
d.gomez-cabrero = David Gomez-Cabrero <david.gomezcabrero@ki.se>
d.gusenleitner = Daniel Gusenleitner <gusef@bu.edu>
d.hallanger = Debora Hallanger <dhallang@fhcrc.org>
dharmon@fhcrc.org = Dan Harmon <dharmon@fhcrc.org>
d.henriques = David Henriques <davidpcnet@hotmail.com>
dhmay@fhcrc.org = Damon May <dhmay@fhcrc.org>
d.huebschmann = Daniel Huebschmann <huebschmann.daniel@googlemail.com>
d.jones = Daniel Jones <dcjones@cs.washington.edu>
d.kosztyla = Daniel Kosztyla <danielkossi@hotmail.com>
d.kowalik = Dennis Kowalik <dkowalik@fhcrc.org>
d.henderson = David Henderson <DNADave@Insightful.Com>
d.lai = Daniel Lai <jujubix@cs.ubc.ca>
d.li = Dongmei Li <Dongmei_Li@urmc.rochester.edu>
d.li2 = Dong Li <dxl466@cs.bham.ac.uk>
d.low = Diana HP Low <dianal@bii.a-star.edu.sg>
d.mccarthy = Davis McCarthy <davis@ebi.ac.uk>
d.montaner = David Montaner <dmontaner@cipf.es>
d.mosen-ansorena = David Mosen-Ansorena <dmosen.gn@cicbiogune.es>
d.mugahid = Douaa Mugahid <douaa.mugahid@gmail.com>
d.nickles = Dorothee Nickles <d.nickles@dkfz-heidelberg.de>
d.nicolalde = Daniel Nicolalde <fdnicolalde@wisc.edu>
dongfu@northwestern.edu = Dong Fu  <dongfu@northwestern.edu>
d.phanstiel = Douglas H Phanstiel <dphansti@stanford.edu>
d.schmolze = Daniel Schmolze <saps@schmolze.com>
d.zhu = Dongxiao Zhu <DOZ@stowers-institute.org>
dpeterse = Dirk Petersen <dpeterse@fhcrc.org>
d.ramazzotti = Daniele Ramazzotti <daniele.ramazzotti@yahoo.com>
d.rambaldi = Davide Rambaldi <davide.rambaldi@gmail.com>
d.risso = Davide Risso <risso.davide@gmail.com>
d.rossell = David Rossell <rosselldavid@gmail.com>
d.sangurdekar = Dipen Sangurdekar <dipen.sangurdekar@gmail.com>
d.schlauch = Dan Schlauch <dschlauch@fas.harvard.edu>
dscholte = dscholte@hsph.harvard.edu dscholte@hsph.harvard.edu <dscholte@hsph.harvard.edu>
dscholtens@northwestern.edu = Denise Scholtens <dscholtens@northwestern.edu>
d.schruth = David M. Schruth <dschruth@u.washington.edu>
d.sie = Daoud Sie <d.sie@vumc.nl>
dstates@umich.edu = David States <dstates@umich.edu>
d.stearns = Dave Stearns <daves@labkey.com>
d.strbenac = Dario Strbenac <D.Strbenac@garvan.org.au>
d.swan = Dave Swan <dswan@scharp.org>
d.tenenbaum = Dan Tenenbaum <dtenenba@fhcrc.org>
d.tenenbaum2 = Dan Tenenbaum <dtenenba@fhcrc.org>
duncan = duncan@wald.ucdavis.edu duncan@wald.ucdavis.edu <duncan@wald.ucdavis.edu>
dupan@northwestern.edu = Du Pan <dupan@northwestern.edu>
d.venet = Dave Venet <davenet@ulb.ac.be>
d.wick = William David Wick <wdavid.wick@gmail.com>
d.yu = Danni Yu <dyu@purdue.edu>
d.zhang = David Zhang <j.zhang@dkfz.de>
eanalau@fhcrc.org = Analau Erwin <eanalau@fhcrc.org>
e.axelsson = Elin Axellson <elin@ebi.ac.uk>
e.bernard = Elsa Bernard <elsa.bernard@mines-paristech.fr>
e.broek = Evert van den Broek <vandenbroek.evert@gmail.com>
e.dassi = Erik Dassi <erik.dassi@unitn.it>
effiken@qmail.com = effiken@qmail.com effiken@qmail.com <effiken@qmail.com>
e.frichot = Eric Frichot <eric.frichot@gmail.com>
e.garg = Elika Garg <elika.garg@mail.mcgill.ca>
e.grassi = Elena Grassi <grassi.e@gmail.com>
e.halper-stromberg = Eitan Halper-Stromberg <Eitan177@gmail.com>
e.hildebrand = Erica Hildebrand <ehildebr@fhcrc.org>
e.kort = Eric J Kort <eric.kort@vai.org>
ellis = Byron Ellis <ellis@stat.harvard.edu>
e.lowy = Ernesto Lowy <ernestolowy@gmail.com>
e.mancini = Estefania Mancini <emancini@leloir.org.ar>
e.mathieu = Emily Mathieu <mathieu.emily@agrocampus-ouest.fr>
e.matsen = Frederick Matsen <ematsen@gmail.com>
emeier@fhcrc.org = emeier@fhcrc.org emeier@fhcrc.org <emeier@fhcrc.org>
e.mercier = Eloi Mercier <eloi.mercier@ircm.qc.ca>
e.morrissey = Edward Morrissey <edward.morrissey@gmail.com>
e.nelson = Elizabeth Nelson <eknelson@labkey.com>
enrico.carlon@polytech.lille.fr = enrico.carlon@polytech.lille.fr enrico.carlon@polytech.lille.fr <enrico.carlon@polytech.lille.fr>
e.paquet = Eric R Paquet <eric.r.paquet@gmail.com>
e.pasolli = Edoardo Pasolli <edoardo.pasolli@gmail.com>
e.planet = Evarist Planet <evarist.planet@irbbarcelona.org>
e.purdom = Elizabeth Purdom <epurdom@stat.berkeley.edu>
e.rolls = Edward Rolls <edward.rolls@pmb.ox.ac.uk>
e.schymanski = Emma Schymanski <massbank@eawag.ch>
e.soll = Elizabeth Soll <esoll@fhcrc.org>
e.swanson = Erik Swanson <eswanson@fhcrc.org>
e.szczurek = Eva Szczurek <szczurek@molgen.mpg.de>
e.thevenot = Etienne A. Thevenot <etienne.thevenot@cea.fr>
e.turro = Ernest Turro <ernest.turro@ic.ac.uk>
errol_strain@bd.com = Errol Strain <errol_strain@bd.com>
e.ulberg = Erik Ulberg <ulberge@labkey.com>
e.willighagen = Egon Willighagen <egon.willighagen@gmail.com>
e.wright = Erik Wright <DECIPHER@cae.wisc.edu>
e.younskevicius = Ed Younskevicius <eyounske@labkey.com>
f.albrecht = Felipe Albrecht <felipe.albrecht@mpi-inf.mpg.de>
f.bastian = Frédéric Bastian <bgee@sib.swiss>
f.berger = Fabrice Berger <fabrice.berger@fys.kuleuven.be>
f.blokzijl = Francis Blokzijl <F.Blokzijl@umcutrecht.nl>
f.breitwieser = Florian P Breitwieser <fbreitwieser@cemm.oeaw.ac.at>
f.cavalli = Florence Cavalli <florence@ebi.ac.uk>
fcollin = fcollin@sbcglobal.net fcollin@sbcglobal.net <fcollin@sbcglobal.net>
f.commo = Frederic Commo <frederic.commo@gustaveroussy.fr>
f.comoglio = Frederico Comoglio <federico.comoglio@bsse.ethz.ch>
fcordero@di.unito.it = fcordero@di.unito.it fcordero@di.unito.it <fcordero@di.unito.it>
f.dondelinger = Frank Dondelinger <frank.dondelinger@mrc-bsu.cam.ac.uk>
f.eduati = F Eduati <eduati@ebi.ac.uk>
f.favero = Francesco Favero <favero.francesco@gmail.com>
f.fernandez-albert = Francesc Fernandez-Albert <francesc.fernandez.albert@upc.edu>
f.fournier = Frederic Fournier <frederic.fournier@crchuq.ulaval.ca>
f.gao = Fei Gao <fgao@uchc.edu>
f.giorgi = Federico M. Giorgi <federico.giorgi@gmail.com>
fhahne = f.hahne@dkfz-heidelberg.de f.hahne@dkfz-heidelberg.de <f.hahne@dkfz-heidelberg.de>
f.hong = Fangxin Hong <fxhong@jimmy.harvard.edu>
f.khettabi = Faysal El Khettabi <faysal.el.khettabi@gmail.com>
f.klein = Felix Klein <fklein@embl.de>
f.kramer = Frank Kramer <dev@frankkramer.de>
f.lee = Frank Lee <frankl@labkey.com>
f.li = Fei Li <pittacus@gmail.com>
f.marini = Federico Marini <marinif@uni-mainz.de>
f.markowetz = Florian Markowetz <Florian.Markowetz@cancer.org.uk>
f.mueller = Fabian Mueller <fmueller@mpi-inf.mpg.de>
fraley@stat.washington.edu = Chris Fraley <fraley@stat.washington.edu>
friedrich.leisch@tuwien.ac.at = friedrich.leisch@tuwien.ac.at friedrich.leisch@tuwien.ac.at <friedrich.leisch@tuwien.ac.at>
f.ross = Frederick Ross <fross@fhcrc.org>
f.schmich = Fabian Schmich <fabian.schmich@bsse.ethz.ch>
f.seyednasrollah = Fatemeh Seyednasrollah <fatsey@utu.fi>
f.zhang = Futao Zhang <futoaz@gmail.com>
g.alvare = Graham Alvare <alvare@cc.umanitoba.ca>
gareth.elvidge@well.ox.ac.uk = gareth.elvidge@well.ox.ac.uk gareth.elvidge@well.ox.ac.uk <gareth.elvidge@well.ox.ac.uk>
g.bader = Gary Bader <gary.bader@utoronto.ca>
g.ball = Gordon Ball <gordon.ball@ki.se>
g.becker = Gabriel Becker <becker.gabriel@gene.com>
g.bhatti = Gaurav Bhatti <gbhatti@med.wayne.edu>
g.bradley = Glyn Bradley <glyn.x.bradley@gsk.com>
g.brock = Guy Brock <guy.brock@louisville.edu>
g.brown = Gordon Brown <gordon.brown@cruk.cam.ac.uk>
g.caravagna = Giulio Caravagna <giulio.caravagna@disco.unimib.it>
g.cohen = Gabriela Cohen-Freue <gcohen@mrl.ubc.ca>
gcorral@ifc.unam.mx = Gustavo Corral <gcorral@ifc.unam.mx>
g.counts = George Counts <gwcounts@fhcrc.org>
g.csardi = Gabor Csardi <Gabor.Csardi@unil.ch>
georgesn@labkey.com = George Snelling <georgesn@labkey.com>
gerald.jansen@newpage.ca = Gerald Jansen <gerald.jansen@newpage.ca>
g.esteves = Gustavo Esteves <gesteves@vision.ime.usp.br>
g.feng = Gang Feng <g-feng@northwestern.edu>
g.finak = Greg Finak <greg.finak@ircm.qc.ca>
g.glazko = Galina Glazko <gvglazko@uams.edu>
g.gloor = Greg Gloor <ggloor@uwo.ca>
g.gorjanc = Gregor  Gorjanc <gregor.gorjanc@bfro.uni-lj.si>
g.ha = Gavin Ha <gha@bccrc.ca>
g.heinrich = Gretchen Heinrich <gheinric@fredhutch.org>
g.hoffman = Gabriel Hoffman <gabriel.hoffman@mssm.edu>
ghather@berkeley.edu = Greg Hather <ghather@berkeley.edu>
g.imholte = Gregory C Imholte <gimholte@uw.edu>
g.jones = Gary Jones <jonesga@ohsu.edu>
g.klambauer = Guenter Klambauer <mitterecker@bioinf.jku.at >
g.kolishovski = Georgi Kolishovski <g_kolishv@yahoo.com>
g.leday = Gwenael G.R. Leday <gleday@few.vu.nl>
g.mcghie = Glen McGhie <gmcghie@fhcrc.org>
g.medlock = Greg Medlock <gmedlo@gmail.com>
g.melloni = Giorgio Melloni <melloni.giorgio@gmail.com>
g.merino = Gabriela Merino <gmerino@bdmg.com.ar>
g.monaco = Gianni Monaco <gianni@liverpool.ac.uk>
g.nilsen = Gro Nilsen <gronilse@ifi.uio.no>
g.pau = Gregoire Pau <gregoire.pau@gmail.com>
gracesle@snu.ac.kr = gracesle@snu.ac.kr gracesle@snu.ac.kr <gracesle@snu.ac.kr>
greg@warnes.net = Gregory Warnes <gregory.warnes@boehringer-ingelheim.com>
g.rigaill = Guillem Rigaill <italics@curie.fr>
g.rot = Gregor Rot <gregor.rot@gmail.com>
g.ryslik = Gregory Ryslik <gregory.ryslik@yale.edu>
g.sales = Gabriele Sales <gabriele.sales@unipd.it>
g.schweikert = Gabriele Schweikert <G.Schweikert@ed.ac.uk>
gsl = gsl@statlab.uni-heidelberg.de gsl@statlab.uni-heidelberg.de <gsl@statlab.uni-heidelberg.de>
g.smyth = Gordon Smyth <smyth@wehi.edu.au>
g.stricker = Georg Stricker <georg.stricker@in.tum.de>
g.tagliazucchi = Guidantonio Malagoli Tagliazucchi <guidantonio.malagolitagliazucchi@unimore.it>
g.tan = Ge Tan <ge.tan09@imperial.ac.uk>
g.wargula = Gregory Wargula <gregory.wargula@roswellpark.org>
g.weingart = George Weingart <george.weingart@gmail.com>
g.wu = George Wu <gewu@jhsph.edu>
gyc = gyc@stat.berkeley.edu gyc@stat.berkeley.edu <gyc@stat.berkeley.edu>
g.yu = Guangchuang Yu <guangchuangyu@gmail.com>
g.yuriy = Gusev Yuriy <yg63@georgetown.edu>
g.zararsiz = Gokmen Zararsiz <gokmenzararsiz@erciyes.edu.tr>
hao@jax.org = hao@jax.org hao@jax.org <hao@jax.org>
hb@maths.lth.se = hb@maths.lth.se hb@maths.lth.se <hb@maths.lth.se>
h.bengtsson = H Bengtsson <hb@aroma-project.org>
h.bolouri = Hamid Bolouri <hbolouri@fhcrc.org>
h.braselmann = Herbert Braselmann <braselm@helmholtz-muenchen.de>
h.bussemaker = Harmen Bussemaker <hjb2004@columbia.edu>
h.caren = Helena Caren <helenacarenlab@gmail.com>
h.chen = Hao Chen <chen_hao@immunol.a-star.edu.sg>
hcho@virginia.edu = HyungJun Cho <hcho@virginia.edu>
h.corradabravo = Hector Corrada Bravo <hcorrada@gmail.com>
h.dvinge = Heidi Dvinge <heidi@ebi.ac.uk>
h.failmezger = Henrik Failmezger <Henrik.Failmezger@ifi.lmu.de>
h.fang = Hai Fang <hfang@cs.bris.ac.uk>
h.fang2 = Hai Fang <hfang@well.ox.ac.uk>
h.froehlich = Holger Froehlich <froehlich@bit.uni-bonn.de>
h.hettling = Hannes Hettling <j.hettling@vu.nl>
h.holyst = Herb Holyst <holyst@mail.med.upenn.edu>
h.iftikhar = Hina Iftikhar <13100046@lums.edu.pk>
hodgesk@scharp.org = hodgesk@scharp.org hodgesk@scharp.org <hodgesk@scharp.org>
holger.schwender@uni-dortmund.de = Holger Schwender <holger.schwender@uni-dortmund.de>
hpages@fhcrc.org = Herve Pages <hpages@fhcrc.org>
h.jaffee = Harris Jaffee <hjaffee@jhmi.edu>
h.klein = H-U Klein <h.klein@uni-muenster.de>
h.klein2 = Holger Klein <holger.klein@gmail.com>
h.leung = Hin-Tak Leung <htl10@users.sourceforge.net>
h.lindsay = Helen Lindsay <helen.lindsay@uzh.ch>
h.luan = Hemi Luan <hemi.luan@gmail.com>
h.nguyen = Hoang Tan Nguyen <hoangtannguyenvn@gmail.com>
h.pan = Hong Pan <pan_hong@sics.a-star.edu.sg>
h.rand = Hugh Rand <rand@amgen.com>
h.redestig = Henning Redestig <henning.red@googlemail.com>
h.robins = Harlan Robins <hrobins@fhcrc.org>
h.romdhani = Hela Romdhani <hela.romdhani@mcgill.ca>
h.sichtig = Heike Sichtig <hsichtig@ufl.edu>
h.tjelmeland = Haakon Tjelmeland <haakont@stat.ntnu.no>
h.treutler = Hendrik Treutler <hendrik.treutler@ipb-halle.de>
huatang@fhcrc.org = Hua Tang <huatang@fhcrc.org>
huber@ebi.ac.uk = Wolfgang Huber <huber@ebi.ac.uk>
hui.zhao@biw.kuleuven.be = Hui Zhao <hui.zhao@biw.kuleuven.be>
h.varet = Hugo Varet <varethugo@gmail.com>
h.wang = Hong Wang <hong.wang@uky.edu>
hwchoi@umich.edu = hwchoi@umich.edu hwchoi@umich.edu <hwchoi@umich.edu>
h.wu = Hao Wu <hao.wu@emory.edu>
h.yang = Hyuna Yang <hyuna.yang@jax.org>
h.zare = Habil Zare <zare@txstate.edu>
h.zhang = Henry Zhang <hzhang@mail.nih.gov>
h.zare = Habil Zare <hzare@bccrc.ca>
ian.wilson@uchsc.edu = Ian Wilson <ian.wilson@uchsc.edu>
ibrahim = ibrahim@bios.unc.edu ibrahim@bios.unc.edu <ibrahim@bios.unc.edu>
i.coleman = Ilsa Coleman <icoleman@fhcrc.org>
i.desantiago = Ines de Santiago <ines.deSantiago@cruk.cam.ac.uk>
i.emam = Ibrahim Emam <iemam@ebi.ac.uk>
i.gonzalez = Ian Gonzalez <gonzalez.isv@gmail.com>
i.hodes = Isaac Hodes <ihodes@labkey.com>
i.ihnatova = Ivana Ihnatova <ihnatova@iba.muni.cz>
I.nassiri = Isar Nassiri <isar_nassiri@urmc.rochester.edu>
i.nikaido = Itoshi Nikaido <dritoshi@gmail.com>
i.ostrovnaya = Irina Ostrovnaya <ostrovni@mskcc.org>
i.papatheodorou = Irene Papatheodorou <irenep@ebi.ac.uk>
i.rajapakse = Indika Rajapakse <irajapak@fhcrc.org>
i.scheinin = Ilari Scheinin <ilari.scheinin@gmail.com>
i.schempp = Ian Schempp <ischempp@fhcrc.org>
i.sigmon = Ian Sigmon <ians@labkey.com>
i.wallace = Iain Wallace <iain.wallace@ucd.ie>
jabrown = jabrown@fhcrc.org jabrown@fhcrc.org <jabrown@fhcrc.org>
j.acosta = Juan Pablo Acosta <jpacostar@unal.edu.co>
jago = jago@mclink.it jago@mclink.it <jago@mclink.it>
j.barry = Joseph Barry <joseph.barry@embl.de>
j.birnbaum = Jeanette Birnbaum <jbirnbau@fhcrc.org>
j.blake = Jonathon Blake <blake@embl.de>
j.bogojeska = Jasmina Bogojeska <jasmina@mpi-inf.mpg.de>
j.bohlin = Jon Bohlin <jon.bohlin@gmail.com>
j.budczies = Jan Budczies <jan.budczies@charite.de>
j.burdullis = Jason Burdullis <jburdull@fhcrc.org>
j.cairns = Jonathan Cairns <jmcairns200@gmail.com>
j.carey = Jacob Carey <jcarey15@jhu.edu>
j.chen = John Chen <john.chen@gmail.com>
j.chen2 = Jinmiao Chen <Chen_Jinmiao@immunol.a-star.edu.sg>
j.christianson = Joern Christianson <joec@labkey.com>
j.clark = Clark Jeff <jjclark@fhcrc.org>
j.colinge = Jacques Colinge <JColinge@cemm.oeaw.ac.at>
j.collins = James R Collins <james.r.collins@aya.yale.edu>
j.date = Josh Date <joshd@labkey.com>
j.davison = Jerry Davison <jdavison@fhcrc.org>
j.dawson = John A Dawson <jadawson@wisc.edu>
j.degenhardt = Jeremiah Degenhardt <degenhj2@gene.com>
j.delrow = Jeff Delrow <jdelrow@fhcrc.org>
j.ding = Jiarui Ding <jiaruid@cs.ubc.ca>
jd.zhang = Jitao David Zhang <jitao_david.zhang@roche.com>
jean = jean@biostat.ucsf.edu jean@biostat.ucsf.edu <jean@biostat.ucsf.edu>
jeckels@labkey.com = jeckels@labkey.com jeckels@labkey.com <jeckels@labkey.com>
j.egea = Jose Egea <josea.egea@upct.es>
jeng@fhcrc.org = Jimmy Eng  <jeng@fhcrc.org>
j.fan = Jean Fan <jeanfan@fas.harvard.edu>
j.fortin = Jean-Philippe Fortin <jfortin@jhsph.edu>
jfridlyand@cc.ucsf.edu = Jane Fridlyand <jfridlyand@cc.ucsf.edu>
j.gadin = Jesper R Gadin <j.r.gadin@gmail.com>
j.gagneur = Julien Gagneur <gagneur@embl.de>
j.garms = Jess Garms <jgarms@labkey.com>
j.gehring = Julian Gehring <julian.gehring@fdm.uni-freiburg.de>
jgentry = Jeff Gentry <jgentry@jimmy.harvard.edu>
j.goeman = Jelle J Goeman <Jelle.Goeman@radboudumc.nl>
j.gonzalez = Juan Ramon Gonzalez Ruiz <jrgonzalez@creal.cat>
j.gosink = John  Gosink <gosinkj@amgen.com>
j.gould = Joshua Gould <jgould@broadinstitute.org>
j.gregori = Josep Gregori <gregori@aiqs.es>
j.guinney = Justin Guinney <justin.guinney@sagebase.org>
j.hackney = Jason A. Hackney <hackney.jason@gene.com>
j.haessler = Jeffrey Haessler <jhaessle@fhcrc.org>
j.hamilton = Joshua Hamilton <jihamilt@fredhutch.org>
j.heiss = Jonathan Alexander Heiss <jonathan.heiss@posteo.de>
j.helmuth = Johannes Helmuth <helmuth@molgen.mpg.de>
j.hester = James Hester <jhester@fredhutch.org>
j.hill = Jonathan Hill <jhill@genetics.utah.edu>
j.hon = Jiri Hon <jiri.hon@gmail.com>
j.horner = Jeff Horner <jeff.horner@vanderbilt.edu>
jihoon@cs.wisc.edu = Jihoon Kim <jihoon@cs.wisc.edu>
j.janecka = Jan Janecka <jan.janecka@ceitec.muni.cz>
j.java = Jim Java <james.java@roswellpark.org>
jjclark@fhcrc.org = Jeff Clark <jjclark@fhcrc.org>
J.J.Goeman@lumc.nl = J.J. Goeman <J.J.Goeman@lumc.nl>
j.jimenez = Jose Jimenez <jose@jimenezluna.com>
j.kaddis = John Kaddis <Jkaddis@coh.org>
j.kaminker = Josh Kaminker <kaminker.josh@gene.com>
j.katcher = Jeff Katcher <jkatcher@fhcrc.org>
j.larson = Jessica Larson <larsonj5@gene.com>
j.leek = Jeffrey T. Leek <jtleek@jhu.edu>
j.li = Jianying Li <li11@niehs.nih.gov>
j.lu = Jun Lu <lujun@niehs.nih.gov>
j.lugo = Joseph Lugo <joseph.lugo@sickkids.ca>
jmacdon = jmacdon@med.umich.edu jmacdon@med.umich.edu <jmacdon@med.umich.edu>
j.maksimovic = Jovana Maksimovic <jovana.maksimovic@mcri.edu.au>
j.malone = James Malone <malone@ebi.ac.uk>
j.mar  = Jessica Mar  <jess@jimmy.harvard.edu>
j.marioni = John  Marioni <jcm68@cam.ac.uk>
j.mason = Jeremy Mason <jmason@ebi.ac.uk>
j.meier = Joern Meier <mail@ionflux.org>
j.meng = Jia Meng <jia.meng@hotmail.com>
j.meskas = Justin Meskas <jmeskas@bccrc.ca>
j.meys = Joris Meys <Joris.Meys@UGent.be>
j.muino = Jose M Muino <jose.muino@wur.nl>
j.muller = Julius Muller <ju-mu@alumni.ethz.ch>
j.oconnell = Jared O’Connell <joconnell@illumina.com>
johannes.rainer@tugraz.at = Johannes Rainer <johannes.rainer@tugraz.at>
jonathan.katz@cshs.org = Jonathan Katz <jonathan.katz@cshs.org>
j.oosting@lumc.nl = Jan Oosting <j.oosting@lumc.nl>
j.ou = Jianhong Ou <jianhong.ou@umassmed.edu>
j.palme = Johannes Palme <palme@bioinf.jku.at>
j.parkkinen = Juuso Parkkinen <japarkki@ics.hut.fi>
j.paulson = Joseph Paulson <jpaulson@umiacs.umd.edu>
j.perkins = James Perkins <jperkins@biochem.ucl.ac.uk>
j.piper = Jim Piper <jimp@labkey.com>
j.prosser = J Prosser <jprosser@uw.edu>
jq.sun = Jianqiang Sun <wukong@bi.a.u-tokyo.ac.jp>
j.rainer = Johannes Rainer <johannes.rainer@eurac.edu>
j.reeder = Jens Reeder <reeder.jens@gene.com>
j.reid = James Reid <james.reid@ifom-ieo-campus.it>
j.richardson = Jon Richardson <jon.richardson@wisc.edu>
j.ronde = Jorma de Ronde <j.d.ronde@nki.nl>
j.rosenblatt = Jonathan Rosenblatt <john.ros.work@gmail.com>
j.ross = Jason Ross <jason.ross@csiro.au>
j.rougemont = Jacques Rougemont <jacques.rougemont@epfl.ch>
j.saezrodriguez = J Saez-Rodriguez <saezrodriguez@ebi.ac.uk>
j.sander = Jil Sander <jil.sander@uni-bonn.de>
j.sathirapongsasuti = J Fah Sathirapongsasuti <fah@cs.stanford.edu>
j.schaff = Jim Schaff <schaff@neuron.uchc.edu>
j.schumann = Joachim Schumann <joachim.schumann@ufz.de>
j.serviss = Jason T Serviss <jason.serviss@ki.se>
j.shao = Jason Shao <jshao2@uw.edu>
j.siebourg = Juliane Siebourg <juliane.siebourg@bsse.ethz.ch>
j.silverman = Justin Silverman <jsilve24@gmail.com>
j.smith = Jason B Smith <jsmith@bhsai.org>
j.spidlen = Josef Spidlen <jspidlen@bccrc.ca>
j.stevens = John R Stevens <john.r.stevens@usu.edu>
j.storey = John D Storey <jstorey@princeton.edu>
j.sun = Jianping Sun <jsun@fhcrc.org>
j.sun2 = Jiehuan Sun <jiehuan.sun@yale.edu>
jsyre = John Syre <jsyre@fhcrc.org>
j.taminau = Jonatan Taminau <jtaminau@vub.ac.be>
j.taylor = James Taylor <James.Taylor@emory.edu>
jthorpe@fhcrc.org = jthorpe@fhcrc.org jthorpe@fhcrc.org <jthorpe@fhcrc.org>
j.toedling = J. Toedling <joern.toedling@curie.fr>
j.tom = Jennifer Tom <tom.jennifer@gene.com>
juliab = juliab@stat.berkeley.edu juliab@stat.berkeley.edu <juliab@stat.berkeley.edu>
j.vander = Jaro Vanderheijden <jaro_vanderheijden@insilicodb.com>
j.vanderwerker = Jayne Vanderwerker <jaynev@primate.wisc.edu>
j.waage = Johannes Waage <jwaage@binf.ku.dk>
j.wang = Ji-Ping Wang <jzwang@northwestern.edu>
j.ward = James M. Ward <jmw86069@gmail.com>
jwhitton@fhcrc.org = jwhitton@fhcrc.org jwhitton@fhcrc.org <jwhitton@fhcrc.org>
j.woo = Junghoon Woo <hydepark83@gmail.com>
jworks@fhcrc.org = jworks@fhcrc.org jworks@fhcrc.org <jworks@fhcrc.org>
j.wu = Jemma Wu <jwu@proteome.org.au>
j.xia = Jing Xia <jxia@fhcrc.org>
j.yoon = Jon Yoon <jony@labkey.com>
jzhang = Jianhua Zhang <jzhang@jimmy.harvard.edu>
j.zhang = Jenny Zhang <jzhang23@fredhutch.org>
j.zhou = Jing Zhou <12210240050@fudan.edu.cn>
j.zhu = Jack Zhu <zhujack@mail.nih.gov>
k.akman = Kemal Akman <akmank@mpipz.mpg.de>
k.amrani = Khadija El Amrani <khadija.el-amrani@charite.de>
kapouranis = Chantriolnt-Andreas Kapourani <kapouranis.andreas@gmail.com>
k.arunakirinathan = Karesh Arunakirinathan <akaresh88@gmail.com>
k.bemis = Kyle D. Bemis <kbemis@purdue.edu>
k.bhuvaneshwar = Krithika Bhuvaneshwar <kb472@georgetown.edu>
k.campbell = Kieran Campbell <kieranrcampbell@gmail.com>
k.carson = Kim Carson <kim@brighteyeweb.com>
k.chang = Kai-Ming Chang <kaiming@gmail.com>
Karl.Dykema@vai.org = Karl Dykema <Karl.Dykema@vai.org>
kchine@ebi.ac.uk = Karim Chine <kchine@ebi.ac.uk>
kdebeuf = Kristof De Beuf <kristof.debeuf@UGent.be>
k.debski = Konrad Debski <konrad.debski@contractors.roche.com>
k.dey = Kushal Dey <kkdey@uchicago.edu>
keith@wehi.edu.au = Keith Satterley <keith@wehi.edu.au>
keith@wehi.EDU.AU = Keith Satterley <keith@wehi.EDU.AU>
k.gervin = Kristina Gervin <kristina.gervin@medisin.uio.no>
khansen = Kasper D. Hansen <khansen@stat.Berkeley.edu>
k.hebestreit = Katja Hebestreit <katja.hebestreit@uni-muenster.de>
k.horan = Kevin Horan <khoran@cs.ucr.edu>
k.ikay = Katherine Icay <katherine.icay@helsinki.fi>
kkarnofs = kkarnofs@fhcrc.org kkarnofs@fhcrc.org <kkarnofs@fhcrc.org>
k.kishore = Kamal Kishore <kamal.fartiyal84@gmail.com>
k.klein = Kathleen Klein <kathleen.klein@mail.mcgill.ca>
k.knudsen = Kristoffer Knudsen <kristoffer.knudsen@bric.ku.dk>
k.korkmaz = Kircicegi Korkmaz <e102771@ceng.metu.edu.tr>
k.korthauer = Keegan Korthauer <keegan@jimmy.harvard.edu>
k.krouse = Kevin Krouse <kevink@labkey.com>
k.latoza = Kenneth La Toza <klatoza@fhcrc.org>
k.lawler = Katherine Lawler <katherine.lawler@kcl.ac.uk>
k.lee = Kyongryun Lee <kle2@fhcrc.org>
k.liang = Kun Liang <kliang@stat.wisc.edu>
k.lo = Kenneth Lo  <c.lo@stat.ubc.ca>
klum@labkey.com = Karl Lum <klum@labkey.com>
k.mezhoud = Karim Mezhoud <kmezhoud@bioinformatics.tn>
kohl@sirs-lab.com = Matthias      Kohl <kohl@sirs-lab.com>
k.oneill = Keiran O'Neill <oneillkza@gmail.com>
k.oneill2 = Keiran O'Neill <koneill@bccrc.ca>
korbinian.strimmer@lmu.de = Korbinian Strimmer <korbinian.strimmer@lmu.de>
k.orostica = Karen Orostica <korostica09@gmail.com>
k.planey = Katie Planey <catherine.planey@gmail.com>
kpollard = Katherine S. Pollard <kpollard@soe.ucsc.edu>
krcurtis@fhcrc.org = Keith Curtis <krcurtis@fhcrc.org>
k.rue-albrecht = Kevin Rue-Albrecht <kevin.rue@ucdconnect.ie>
k.sheppard = Keith Sheppard <Keith.Sheppard@jax.org>
k.shi = Kaiyuan Shi <kaiyuan@uw.edu>
ksimpson = ksimpson@wehi.edu.au ksimpson@wehi.edu.au <ksimpson@wehi.edu.au>
k.skuttkakaria = Kyobi Skutt-Kakaria <kskuttka@fhcrc.org>
k.stamm = Karl Stamm <karl.stamm@gmail.com>
k.tsuyuzaki = Koki Tsuyuzaki <k.t.the-answer@hotmail.co.jp>
kurt = Kurt.Hornik@wu-wien.ac.at Kurt.Hornik@wu-wien.ac.at <Kurt.Hornik@wu-wien.ac.at>
k.ushey = Kevin Ushey <kushey@fhcrc.org>
k.uziela = Karolis Uziela <karolis.uziela@scilifelab.se>
k.yeung = Ka Yee Yeung <kayee@u.washington.edu>
k.yip = Ken Shun Hang Yip <shunyip@bu.edu>
laan = laan@stat.berkeley.edu laan@stat.berkeley.edu <laan@stat.berkeley.edu>
labkey-git = Karl Lum <klum@labkey.com>
l.amon = Lynn Amon <lamon@fhcrc.org>
laurent@cbs.dtu.dk = laurent@cbs.dtu.dk laurent@cbs.dtu.dk <laurent@cbs.dtu.dk>
l.burger = Lukas Burger <Lukas.Burger@fmi.ch>
l.buzdugan = Laura Buzdugan <buzdugan@stat.math.ethz.ch>
lb.wang = Liang Bo Wang <r02945054@ntu.edu.tw>
l.chrabaszcz = Lidia Chrabaszcz <chrabaszcz.lidia@gmail.com>
l.chavez = Lukas Chavez <chavez@molgen.mpg.de>
lche2@fhcrc.org = Lin Chen <lche2@fhcrc.org>
l.chen = Li Chen <li.chen@emory.edu>
l.collado-torres = Leonardo Collado-Torres <lcollado@jhu.edu>
l.cougnaud = Laure Cougnaud <laure.cougnaud@openanalytics.eu>
l.dashevskiy = Lev Dashevskiy <ldashevs@fhcrc.org>
l.dematte = Lorenzo Dematte <dematte@cosbi.eu>
lei.wu@jax.org = Lei Wu <lei.wu@jax.org>
l.finos = Livio Finos <L.Finos@lumc.nl>
l.folkersen = Lasse Folkersen <lasse.folkersen@ki.se>
l.gatto = Laurent Gatto <l.gatto@dnavision.be>
lgautier = lgautier@altern.org lgautier@altern.org <lgautier@altern.org>
l.geistlinger = Ludwig Geistlinger <Ludwig.Geistlinger@bio.ifi.lmu.de>
l.gerber = Lorenz Gerber <genfys@gmail.com>
l.goff = Loyal A. Goff <lgoff@csail.mit.edu>
l.goldstein = Leonard Goldstein <goldstel@gene.com>
l.gui = Long Gui <guilongcn@gmail.com>
l.he = Liye He <liye.he@helsinki.fi>
l.hedjazi = Lyamine Hedjazi <mqtl@ican-institute.org>
l.hong = Li  Hong <sysptm@gmail.com>
l.huaien = Luo Huaien <luoh2@gis.a-star.edu.sg>
ligia@ebi.ac.uk = ligia@ebi.ac.uk ligia@ebi.ac.uk <ligia@ebi.ac.uk>
likun.wang = Likun Wang <wanglikun@tsinghua.edu.cn>
lilong = Li Long <lilong@isb-sib.ch>
linoue = Lurdes Inoue <linoue@fhcrc.org>
liux@cs.man.ac.uk = liux@cs.man.ac.uk liux@cs.man.ac.uk <liux@cs.man.ac.uk>
l.jacob = Laurent Jacob <laurent.jacob@gmail.com>
l.jensen = Lars J Jensen <lars.juhl.jensen@gmail.com>
l.juntao = Li Juntao <lij9@gis.a-star.edu.sg>
l.kaderali = Lars Kaderali <lars.kaderali@bioquant.uni-heidelberg.de>
l.kielpinski = Lukasz Jan Kielpinski <kielpinski@bio.ku.dk>
l.kolli = Lakshmi Kolli <kollil@ohsu.edu>
l.lahti = Leo Lahti <leo.lahti@tkk.fi>
l.marchionni = Luigi Marchionni <marchion@jhu.edu>
l.mcandrew = Lori McAndrew <lmcandre@fhcrc.org>
l.mcferrin = Lisa McFerrin <lmcferri@fhcrc.org>
l.myint = Leslie Myint <lmyint1@jhu.edu>
l.pantano = Lorena Pantano <lorena.pantano@gmail.com>
l.parsons = Lance Parsons <lparsons@princeton.edu>
l.schalkwyk = Leo C Schalkwyk <Leonard.Schalkwyk@kcl.ac.uk>
l.schaper = Libby Schaper <libby.schaper@3sharecorp.com>
l.schiffer = Lucas Schiffer <schiffer.lucas@gmail.com>
l.shen = Li Shen <shenli.sam@gmail.com>
l.shepherd = Lori Shepherd <Lori.Shepherd@RoswellPark.org>
l.urban = Lara Urban <lara.h.urban@ebi.ac.uk>
lucas@cqm.cnrs-gif.fr = lucas@cqm.cnrs-gif.fr lucas@cqm.cnrs-gif.fr <lucas@cqm.cnrs-gif.fr>
luke = luke@stat.uiowa.edu luke@stat.uiowa.edu <luke@stat.uiowa.edu>
l.varemo = Leif Varemo <piano.rpk@gmail.com>
l.waldron = Levi Waldron <lwaldron@hsph.harvard.edu>
l.wang = Li Wang <lwan2@fhrcrc.org>
l.weber = Lukas M Weber <lukmweber@gmail.com>
l.yan = Li Yan <li.yan@roswellpark.org>
l.yao = Lijing Yao <lijingya@usc.edu>
l.yu = Luna Yu <lyu@fhcrc.org>
l.zappia = Luke Zappia <luke.zappia@mcri.edu.au>
l.zhang = Li  Zhang <leo.zhang1985@163.com>
l.zhu = Lihua Julie Zhu <julie.zhu@umassmed.edu>
m.ochs = Michael F Ochs <ochsm@tcnj.edu>
m.barenco@ucl.ac.uk = Martino Barenco <m.barenco@ucl.ac.uk>
m.boutros@dkfz-heidelberg.de = m.boutros@dkfz-heidelberg.de m.boutros@dkfz-heidelberg.de <m.boutros@dkfz-heidelberg.de>
m.futschik@biologie.hu-berlin.de = Matthias E. Futschik <m.futschik@biologie.hu-berlin.de>
m.ruschhaupt@dkfz-heidelberg.de = Markus Ruschhaupt <m.ruschhaupt@dkfz-heidelberg.de>
ma3mls@bath.ac.uk = ma3mls@bath.ac.uk ma3mls@bath.ac.uk <ma3mls@bath.ac.uk>
maechler = maechler@stat.math.ethz.ch maechler@stat.math.ethz.ch <maechler@stat.math.ethz.ch>
m.alhadeff = Marjorie Alhadeff <malhadef@fhcrc.org>
m.alhamdoosh = Monther Alhamdoosh <m.hamdoosh@gmail.com>
mallick@chem.ucla.edu = mallick@chem.ucla.edu mallick@chem.ucla.edu <mallick@chem.ucla.edu>
m.alvarez = Mariano Javier Alvarez <malvarez@c2b2.columbia.edu>
markiano@fhcrc.org = Kyriacos Markianos <markiano@fhcrc.org>
m.aryee = Martin Morgan Aryee <aryee@jhu.edu>
m.astrand = Magnus Astrand <astrandm@chalmers.se>
matthew@scharp.org = matthew@scharp.org matthew@scharp.org <matthew@scharp.org>
matthewb@labkey.com = matthewb@labkey.com matthewb@labkey.com <matthewb@labkey.com>
m.bar = Merav Bar  <mbar@u.washington.edu>
mbellew = mbellew@fhcrc.org mbellew@fhcrc.org <mbellew@fhcrc.org>
m.benary = Manuela Benary <manuela.benary@cms.hu-berlin.de>
mbg@labkey.com = mbg@labkey.com mbg@labkey.com <mbg@labkey.com>
m.boenn = Markus Boenn <markus.boenn@ufz.de>
m.boetzer = Maarten Boetzer <mboetzer86@hotmail.com>
m.brauer = Matthew Brauer <matthejb@gene.com>
m.carlson = Marc Carlson <mcarlson@fhcrc.org>
m.carvajal = Miguel Angel Carvajal <mcarvajal@ifc.unam.mx>
m.castro = Mauro Castro <mauro.a.castro@gmail.com>
m.chae = Minho Chae <minho.chae@gmail.com>
m.chen = Mengjie Chen <mengjie.chen@yale.edu>
m.choi = Meena Choi <choi67@purdue.edu>
m.cole = Michael Cole <mbeloc@gmail.com>
m.conomos = Matthew P. Conomos <mconomos@uw.edu>
mcoram@fhcrc.org = mcoram@fhcrc.org mcoram@fhcrc.org <mcoram@fhcrc.org>
m.cremona = Marzia A Cremona <mac78@psu.edu>
md392@cam.ac.uk = md392@cam.ac.uk md392@cam.ac.uk <md392@cam.ac.uk>
m.dannemann = Michael Dannemann <michael_dannemann@eva.mpg.de>
m.dittrich = Marcus Dittrich <marcus.dittrich@biozentrum.uni-wuerzburg.de>
m.djekidel = Mohamed Nadhir Djekidel <djek.nad@gmail.com>
mdtaylor = Mark Taylor <mdtaylor@fhcrc.org>
m.dunning = Mark Dunning <Mark.Dunning@cancer.org.uk>
m.eisenacher = Martin Morgan Eisenacher <martin.eisenacher@rub.de>
mer36@cam.ac.uk = mer36@cam.ac.uk mer36@cam.ac.uk <mer36@cam.ac.uk>
m.fasold = Mario Fasold <fasold@izbi.uni-leipzig.de>
mfitzgib = Matthias Fitzgibbon <mfitzgib@fhcrc.org>
m.frasca = Marco Frasca <frasca@di.unimi.it>
m.fromer = Menachem Fromer <fromer@cs.huji.ac.il>
m.gerstung = Moritz Gerstung <gemoritz@ethz.ch>
m.goepferich = Manuel Goepferich <manuel.goepferich@gmx.de>
m.gutteridge = Michael Gutteridge <mrg@fhcrc.org>
m.hahsler = Michael Hahsler <mhahsler@lyle.smu.edu>
m.hansen = Morten Hansen <mhansen@sund.ku.dk>
m.heuvel = Malick A.D. Heuvel <heuvelmad@chem.leidenuniv.nl>
m.hummel = Manuela Hummel <manuela.hummel@crg.es>
m.huntley = Melanie Huntley <huntley.melanie@gene.com>
m.iterson = Maarten van Iterson <M.van_iterson.HG@lumc.nl>
m.jamil = Muhammad Ahmer Jamil <engr.ahmerjamil@gmail.com>
m.jiang = Mike Jiang <wjiang2@fhcrc.org>
m.johannes = Marc Johannes <m.johannes@dkfz.de>
m.julia = Miguel Julia <migueljuliamolina@gmail.com>
m.juraska = Michal Juraska <mjuraska@fredhutch.org>
m.kalcher = Martin Morgan Kalcher <mkalcher@porkbox.net>
m.karthikeyan = M Karthikeyan <karthikm@gatech.edu>
m.keays = Maria Keays <mkeays@ebi.ac.uk>
m.khondoker = Mizanur Khondoker <mizanur.khondoker@ed.ac.uk>
m.kohl = Matthias Kohl <Matthias.Kohl@stamats.de>
m.kosinski = Marcin Kosinski <m.p.kosinski@gmail.com>
m.kroll = K. Myriam Kroll <myriam.kroll@fys.kuleuven.be>
m.kuhn = Michael Kuhn <michael.kuhn@biotec.tu-dresden.de>
m.lang = Michel Lang <michellang@gmail.com>
m.lawrence = Michael Lawrence <lawremi@iastate.edu>
m.lee = Mija Lee <mija@fhcrc.org>
m.lienhard = Matthias Lienhard <lienhard@molgen.mpg.de>
m.linderman = Michael Linderman <michael.d.linderman@gmail.com>
m.malek = Mehrnoush Malek <mmalekes@bccrc.ca>
m.maneck = Matthias Maneck <Matthias.Maneck@klinik.uni-regensburg.de>
mmason = Mark Mason <mmason@fhcrc.org>
m.mccall = Matthew McCall <mmccall@jhsph.edu>
mmcintos = Martin Morgan McIntosh <mmcintos@fhcrc.org>
m.merl = Markus Merl <beclear.package@gmail.com>
m.nodzenski = Michael Nodzenski <michael.nodzenski@northwestern.edu>
m.nowicka = Malgorzata Nowicka <gosia.nowicka@uzh.ch>
modonnel = modonnel@fhcrc.org modonnel@fhcrc.org <modonnel@fhcrc.org>
MOkoniewski@picr.man.ac.uk = Michal Okoniewski <MOkoniewski@picr.man.ac.uk>
m.okoniewski = Michal Okoniewski <michal@fgcz.ethz.ch>
m.oles = Małgorzata Oleś <oles@embl.de>
m.otava = Martin Morgan Otava <martin.otava@uhasselt.be>
m.page = Matthew Page <matthew.page@ucb.com>
m.pajak = Maciej Pajak <m.pajak@sms.ed.ac.uk>
m.pelizzola = Mattia Pelizzola <mattia.pelizzola@unimib.it>
mpellegri@rockefeller.edu = mpellegri@rockefeller.edu mpellegri@rockefeller.edu <mpellegri@rockefeller.edu>
m.pinese = Mark Pinese <m.pinese@garvan.org.au>
m.pradere = Marty Pradere <martyp@labkey.com>
m.ramos = Marcel Ramos <mramos09@gmail.com>
m.ranjbar = Mo R. Nezami Ranjbar <nranjbar@vt.edu>
m.rattray = Magnus Rattray <M.Rattray@sheffield.ac.uk>
m.riester = Markus Riester <markus.riester@novartis.com>
m.rijlaarsdam = Martin Morgan Rijlaarsdam <m.a.rijlaarsdam@gmail.com>
m.robinson = Mark Robinson <mrobinson@wehi.edu.au>
m.robinson2 = Martin Morgan Robinson <Martin.Robinson@maths.ox.ac.uk>
m.sankar = Martial Sankar <martial.sankar@unil.ch>
m.samur = Mehmet Kemal Samur <samur@jimmy.harvard.edu>
m.scherer = Michael Scherer <mscherer@mpi-inf.mpg.de>
m.schmidberger = Markus Schmidberger <schmidb@ibe.med.uni-muenchen.de>
m.schroeder = Markus Schroeder <mschroed@jimmy.harvard.edu>
m.scottboyer = Marie-Pier Scott-Boyer <Marie-Pier.Scott-Boyer@ircm.qc.ca>
m.settles = Matt  Settles <msettles@wsu.edu>
m.sharabi-schwager = Michal Sharabi-Schwager <michalsharabi@gmail.com>
m.singh = Mona Singh <mona@CS.Princeton.EDU>
m.slawski = Martin  Slawski <martin.slawski@campus.lmu.de>
m.smith = Mike Smith <mls40@cam.ac.uk>
m.spivakov = Mikhail Spivakov <spivakov@babraham.ac.uk>
m.stadler = Michael Stadler <Michael.Stadler@fmi.ch>
m.stobbe = Miranda Stobbe <mdstobbe@gmail.com>
m.teng = Mingxiang Teng <tengmx@gmail.com>
mtmorgan@fhcrc.org = Martin Morgan Morgan <mtmorgan@fhcrc.org>
m.tran = Martin D Tran <mdtran@fhcrc.org>
mn.tran = MinhNhat Tran <mtra2@fhcrc.org>
m.turewicz = Michael Turewicz <michael.turewicz@rub.de>
m.wiel = Mark van de Wiel <mark.vdwiel@vumc.nl>
m.wilkerson = Matt  Wilkerson <mwilkers@med.unc.edu>
m.wu = Mengjun Wu <minervajunjun@gmail.com>
m.young = Matthew Young <myoung@wehi.edu.au>
m.yuan = Ming Yuan <myuan@isye.gatech.edu>
m.zingaretti = Maria Laura Zingaretti <m.lau.zingaretti@gmail.com>
n.abeygunawardena = Niran Abeygunawardena <niran@ebi.ac.uk>
n.addy = Nathan Addy <nathan.addy@gmail.com>
n.aghaeepour = Nima Aghaeepour <naghaeep@bccrc.ca>
n.agostinho = Nuno Saraiva Agostinho <nunodanielagostinho@gmail.com>
nandrews = Noreen Andrews <nandrews@fhcrc.org>
naras@stat.Stanford.EDU = Balasubramanian Narasimhan <naras@stat.Stanford.EDU>
n.arnold = Nick Arnold <nicka@labkey.com>
n.clark = Nicholas Clark <nicholas.clark00@gmail.com>
n.coulter = Nathan Coulter <RBGL.maintenance@pooryorick.com>
n.davidson = Nadia Davidson <nadia.davidson@mcri.edu.au>
n.dean = Nema Dean <nema@stats.gla.ac.uk>
n.delhomme = Nicolas Delhomme <delhomme@embl.de>
n.gopalakrishnan = Nishant Gopalakrishnan <ngopalak@fhcrc.org>
n.harmston = Nathan Harmston <nathan.harmston07@csc.mrc.ac.uk>
n.hayden = Nathaniel Hayden <nhayden@fhcrc.org>
n.heinecke = Nate Heinecke <nateh@insilicos.com>
n.hoffman = Noah Hoffman <ngh2@u.washington.edu>
n.holland = Nikolas Holland <nholland@fredhutch.org>
nicksh@labkey.com = Nick Shulman <nicksh@labkey.com>
n.ignatiadis = Nikos Ignatiadis <nikos.ignatiadis01@gmail.com>
nikko@hailmail.net = Nicholas Lewin-Koh <nikko@hailmail.net>
n.jain = Nitin Jain <nitin.jain@pfizer.com>
n.lama = Nicola Lama <nicola.lama@unina2.it>
n.karp = Natasha Karp <nk3@sanger.ac.uk>
n.kurbatova = Natalja Kurbatova <natalja@ebi.ac.uk>
n.lawlor = Nathan Lawlor <nathan.lawlor03@gmail.com>
nlemeur@fhcrc.org = Nolwenn Lemeur <nlemeur@fhcrc.org>
n.leng = Ning Leng <nleng@wisc.edu>
nli@fhcrc.org = Nianhua Li  <nli@fhcrc.org>
n.malani = Nirav V Malani <malnirav@gmail.com>
n.nagarajan = Niranjan Nagarajan <nagarajann@gis.a-star.edu.sg>
n.olson = Nathan D. Olson <nolson@umiacs.umd.edu>
n.pavelka = Norman Pavelka <n.pavelka>
n.pontikos = Nikolas Pontikos <n.pontikos@gmail.com>
nrabbee@post.harvard.edu = nrabbee@post.harvard.edu nrabbee@post.harvard.edu <nrabbee@post.harvard.edu>
n.rieber = Nora Rieber <RieberNor@gmx.de>
n.servant = Nicolas Servant <nicolas.servant@curie.fr>
n.sheffield = Nathan Sheffield <nathan@code.databio.org>
n.shulman = Nick Shulman <nicksh@u.washington.edu>
n.sidiropoulos = Nikos Sidiropoulos <nikos.sidiro@gmail.com>
n.skene = Nathan Skene <nathan.skene@gmail.com>
n.staedler = Nicolas Staedler <staedler.n@gmail.com>
n.turaga = Nitesh Turaga <nitesh.turaga@gmail.com>
nurban = Nicolle Urban <nurban@fhcrc.org>
nlwillia@fhcrc.org = Nancy Williamson <nlwillia@fhcrc.org>
n.wang = Niya Wang <wangny@vt.edu>
n.xiao = Nan Xiao <road2stat@gmail.com>
n.zabet = Nicolae Radu Zabet <n.r.zabet@gen.cam.ac.uk>
o.bembom = Oliver Bembom <bembom@berkeley.edu>
o.chea = Ol Chea <ol.chea@idri.org>
o.flores = Oscar Flores <oflores@mmb.pcb.ub.es>
o.gevaert = Olivier Gevaert <olivier.gevaert@gmail.com>
o.huovilainen = Olli-Pekka Huovilainen <ohuovila@gmail.com>
o.krijgsman = Oscar Krijgsman <oscarkrijgsman@gmail.com>
o.larsson = Ola Larsson <ola.larsson@ki.se>
oliverrreader@gmail.com = oliverrreader@gmail.com oliverrreader@gmail.com <oliverrreader@gmail.com>
olshena@MSKCC.ORG = Olshena Adam <olshena@MSKCC.ORG>
o.mayba = Oleg Mayba <mayba.oleg@gene.com>
o.philipp = Oliver Philipp <o.philipp@bioinformatik.uni-frankfurt.de>
o.reina = Oscar Reina <oscar.reina@irbbarcelona.org>
osklyar@ebi.ac.uk = Oleg Sklyar <osklyar@ebi.ac.uk>
ostolop@ebi.ac.uk = Misha Kapushesky <ostolop@ebi.ac.uk>
p.angerer = Philipp Angerer <philipp.angerer@helmholtz-muenchen.de>
p.balomenos = Panos Balomenos <balomenos@upatras.gr>
p.bellot = Pau Bellot <pau.bellot@upc.edu>
p.benton = Paul Benton <hpbenton@scripps.edu>
p.blattmann = Peter Blattmann <blattmann@imsb.biol.ethz.ch>
p.bradley = Phillip Bradley <pbradley@fhcrc.org>
p.bushel = Pierre Bushel <bushel@niehs.nih.gov>
p.dittwald = Piotr Dittwald <piotr.dittwald@mimuw.edu.pl>
p.edlefsen = Paul T. Edlefsen <pedlefsen@gmail.com>
Perry_D_Haaland@bd.com = Perry Haaland <Perry_D_Haaland@bd.com>
p.eser = Philipp Eser <eser@genzentrum.lmu.de>
peter.warren@verizon.net = Peter Warren <peter.warren@verizon.net>
petersen@fhcrc.org = Dirk Petersen <petersen@fhcrc.org>
p.freire-pritchett = Paula Freire-Pritchett <paula.freire-pritchett@babraham.ac.uk>
p.gestraud = Pierre Gestraud <pierre.gestraud@curie.fr>
p.glaus = Peter Glaus <glaus@cs.man.ac.uk>
p.godard = Patrice Godard <patrice.godard@gmail.com>
p.haverty = Peter M Haverty <phaverty@gene.com>
p.hickey = Peter Hickey <hickey@wehi.edu.au>
phil@scharp.org = phil@scharp.org phil@scharp.org <phil@scharp.org>
Philippe.Hupe@curie.fr = Philippe Hupe <Philippe.Hupe@curie.fr>
p.humburg = Peter Humburg <Peter.Humburg@csiro.au>
pi.broberg@swipnet.se = pi.broberg@swipnet.se pi.broberg@swipnet.se <pi.broberg@swipnet.se>
pierre.neuvial@curie.fr = pierre.neuvial@curie.fr pierre.neuvial@curie.fr <pierre.neuvial@curie.fr>
p.keung = Phillip Keung <pkeung@fhcrc.org>
pkgbuild = Dan Tenebaum <dtenenba@fhcrc.org>
p.kim = Philip Kim <pm.kim@utoronto.ca>
p.kimes = Patrick Kimes <pkimes@live.unc.edu>
p.legan = Paul Legan <paul.legan@3sharecorp.com>
p.lijnzaad = Philip Lijnzaad <p.lijnzaad@umcutrecht.nl>
p.litwin = Paul Litwin <plitwin@fhcrc.org>
p.livermoreauer = Paul W. Livermore Auer <plivermo@fhcrc.org>
p.lopez = Pedro López-Romero <plopez@cnic.es>
p.lutsik = Pavlo Lutsik <p.lutsik@mx.uni-saarland.de>
p.madrigal = Pedro Madrigal <pm@engineering.com>
p.martini = Paolo Martini <paolo.cavei@gmail.com>
pmcget@ebi.ac.uk = pmcget@ebi.ac.uk pmcget@ebi.ac.uk <pmcget@ebi.ac.uk>
p.mcmurdie = Paul J. McMurdie <mcmurdie@stanford.edu>
p.meyer = Patrick E. Meyer <pmeyer@ulb.ac.be>
p.moulos = Panagiotis Moulos <moulos@fleming.gr>
p.murakami = Peter Murakami <pmurakam@jhsph.edu>
p.murrell = Paul Murrell <p.murrell@auckland.ac.nz>
p.ni = Peng Ni <nipeng@csu.edu.cn>
p.olson = Paul Olson <polson@fhcrc.org>
post@gunnarwrobel.de = Gunnar Wrobel <post@gunnarwrobel.de>
p.parsana = Princy Parsana <princyparsana@jhu.edu>
p.pyl = Paul Pyl <pyl@embl.de>
p.rancoita = Paola Rancoita <paola@idsia.ch>
p.rinaudo = Philippe Rinaudo <phd.rinaudo@gmail.com>
p.sebastian-leon = Patricia Sebastian-Leon <psebastian@cipf.es>
p.shannon = Paul Shannon <pshannon@fhcrc.org>
pshannon@systemsbiology.org = pshannon@systemsbiology.org pshannon@systemsbiology.org <pshannon@systemsbiology.org>
p.stempor = Przemyslaw Stpempor <ps562@cam.ac.uk>
p.thaben = Paul F Thaben <paul.thaben@charite.de>
purcell@cytopeia.com = purcell@cytopeia.com purcell@cytopeia.com <purcell@cytopeia.com>
p.wang = Pei Wang <pwang@fhcrc.org>
p.westermark = Paal O. Westermark <pal-olof.westermark@charite.de>
q.declerck = Quentin De Clerck <Quentin.De.Clerck@vub.ac.be>
q.fang = Qiaojun Fang <qfang@fhcrc.org>
q.li = Qunhua Li <qunhua.li@psu.edu>
q.mo = Qianxing Mo <moq@mskcc.org>
q.sheng = Quanhu Sheng <shengqh@gmail.com>
qson003@stat.auckland.ac.nz = qson003@stat.auckland.ac.nz qson003@stat.auckland.ac.nz <qson003@stat.auckland.ac.nz>
q.zhang = Qian Zhang <qszhang@uw.edu>
radivot@hal.EPBI.cwru.edu = Tomas Radivoyevitch <radivot@hal.EPBI.cwru.edu>
rafa = rafa@jhu.edu rafa@jhu.edu <rafa@jhu.edu>
raffaele.calogero@unito.it = raffaele.calogero@unito.it raffaele.calogero@unito.it <raffaele.calogero@unito.it>
r.aggio = Raphael Aggio <raphael.aggio@gmail.com>
rajmenon@umich.edu = Rajasree Menon <rajmenon@umich.edu>
r.akulenko = Ruslan Akulenko <ruslan.akulenko@gmail.com>
r.alvarez-gonzalez = Rodrigo Alvarez-Gonzalez <rodrigo.djv@uvigo.es>
r.andersson = Robin Andersson <robin.andersson@lcb.uu.se>
raph@rglab.org = Raphael Gottardo <raph@rglab.org>
r.bainer = Russell Bainer <bainer.russell@gene.com>
r.basom = Ryan Basom <rbasom@fhcrc.org>
r.bauermeister = Rylan Bauermeister <rylanb@labkey.com>
r.bawaan = Rick Bawaan <rbawaan@fhcrc.org>
r.bentham = Robert Bentham <robert.bentham.11@ucl.ac.uk>
r.bourgon = Richard Bourgon <bourgon@ebi.ac.uk>
r.biczok = Rudolf Biczok <r.biczok@dkfz.de>
r.blakely = Randy Blakely <Randy.Blakely@vanderbilt.edu>
r.bradley = Robert Bradley <rbradley@mit.edu>
r.blasa = Raymond Blasa <blasar@ohsu.edu>
rbrem@fhcrc.org = Rachel Brem <rbrem@fhcrc.org>
r.brown = Brown Richard V <rvbrown@fhcrc.org>
r.carlos = Ruiz Carlos <cruiz@creal.cat>
r.castelo = Robert Castelo <robert.castelo@upf.edu>
r.cavalcante = Raymond Cavalcante <rcavalca@umich.edu>
r.cotton = Richard Cotton <richierocks@gmail.com>
r.dashwood = Ron Dashwood <rond@labkey.com>
r.day = Roger Day <day@upci.pitt.edu>
rdeconde@gmail.com = Rob DeConde <rdeconde@gmail.com>
r.eickhof = Ralph Eickhof <reickhof@fhcrc.org>
retzioni = Ruth Etzioni <retzioni@fhcrc.org>
rfang@fhcrc.org = Ruihua Fang <rfang@fhcrc.org>
r.flight = Robert M Flight <rflight79@gmail.com>
rgentlem = Robert Gentleman <rgentlem@fhcrc.org>
r.green = Richard Green <greener@u.washington.edu>
riebenbauer = Thomas Riebenbauer <Thomas.Riebenbauer@joanneum.at>
r.illa = Ricard Illa Pujagut <ricard.illa@irbbarcelona.org>
rgulati@fhcrc.org = Roman Gulati <rgulati@fhcrc.org>
ririzarr = Rafael Irizarry <ririzarr@jhsph.edu>
ritchie@ebi.ac.uk = Matt  Ritchie <ritchie@ebi.ac.uk>
r.ivanek = Robert Ivanek <robert.ivanek@fmi.ch>
rkaake = Russ Kaake <rkaake@fhcrc.org>
rkennedy@vcu.edu = rkennedy@vcu.edu rkennedy@vcu.edu <rkennedy@vcu.edu>
r.kolde = Raivo Kolde <raivo.kolde@eesti.ee>
rlaws@fhcrc.org = Richard Laws <rlaws@fhcrc.org>
r.livingston = Robert Livingston <rjlivingston@gmail.com>
r.luce = Ryan Luce <ryanl@labkey.com>
r.matteoda = Ramiro Matteoda <ramiro.matteoda@3sharecorp.com>
r.meier = Roger Meier <roger.meier@lmsc.ethz.ch>
r.nicolle = Remy Nicolle <remy.c.nicolle@gmail.com>
Robert.Burke@cshs.org = Robert Burke <Robert.Burke@cshs.org>
roepcke@molgen.mpg.de = roepcke@molgen.mpg.de roepcke@molgen.mpg.de <roepcke@molgen.mpg.de>
ross.lazarus@channing.harvard.edu = Ross Lazarus <ross.lazarus@channing.harvard.edu>
ross.lazarus@gmail.com = Ross Lazarus <ross.lazarus@gmail.com>
rossb@labkey.com = rossb@labkey.com rossb@labkey.com <rossb@labkey.com>
r.otto = Raik Otto <raik.otto@hu-berlin.de>
r.pearson = Richard Pearson <richard.pearson@postgrad.manchester.ac.uk>
r.putney = Ryan Putney <ryanputney@gmail.com>
r.rangel = Raynold Rangel <rrange2@fhcrc.org>
r.romoli = Riccardo Romoli <riccardo.romoli@unifi.it>
r.savage = Rich Savage <r.s.savage@warwick.ac.uk>
rscharp@jhsph.edu = rscharp@jhsph.edu rscharp@jhsph.edu <rscharp@jhsph.edu>
r.scholz = Rebecca Scholz <rscholz@fhcrc.org>
r.shah = Ruchita Shah <rshah@fhcrc.org>
r.shankar = Ravi Shankar <rshankar@stanford.edu>
r.shen = Ronglai Shen <shenr@mskcc.org>
r.standley = Ryan Standley <ryans@labkey.com>
r.stark = Rory Stark <rory.stark@cancer.org.uk>
r.stojnic = Robert Stojnic <robert.stojnic@gmail.com>
r.tan = Ruyu Tan <rut003@ucsd.edu>
r.tautenhahn = Ralf Tautenhahn <rtautenh@ipb-halle.de>
rthomas@scharp.org = rthomas@scharp.org rthomas@scharp.org <rthomas@scharp.org>
r.thompson = Reid F. Thompson <rthompso@aecom.yu.edu>
r.uriarte = Ramon Diaz-Uriarte <rdiaz02@gmail.com>
r.valieris = Renan Valieris <renan.valieris@cipe.accamargo.org.br>
r.wehrens = Ron Wehrens <ron.wehrens@gmail.com>
r.welch = Ryan P Welch <welchr@umich.edu>
r.welch2 = Rene Welch <welch@stat.wisc.edu>
r.ziman = Robert Ziman <ziman.robert@gene.com>
S_Lin2@northwestern.edu = Simon Lin <S_Lin2@northwestern.edu>
s.aibar = Sara Aibar <saibar@usal.es>
s.anders = Simon Anders <anders@ebi.ac.uk>
s.andrews = Steve Andrews <sandrews@fhcrc.org>
s.andrews2 = Shan V. Andrews <sandre17@jhu.edu>
sandrine = sandrine@stat.berkeley.edu sandrine@stat.berkeley.edu <sandrine@stat.berkeley.edu>
sandrokim@gmail.com = Sukwoo Kim <sandrokim@gmail.com>
s.arora = Sonali Arora <sarora@fhcrc.org>
s.artigaud = Sebastien Artigaud <sebastien.artigaud@gmx.com>
s.bagaria = Siddhartha Bagaria <sidb@google.com>
s.baker = Sam Baker <sam@artefactgroup.com>
s.balcome = Shawn Balcome <balc0022@umn.edu>
s.ballouz = Sara Ballouz <sballouz@cshl.edu>
s.barrett = Steven Barrett <steven.j.barrett@gsk.com>
s.bauer = Sebastian Bauer <Sebastian.Bauer@charite.de>
s.berri = Stefano Berri <s.berri@leeds.ac.uk>
sbhatia = sbhatia@fhcrc.org sbhatia@fhcrc.org <sbhatia@fhcrc.org>
s.bhattacharjee = Samsiddhi Bhattacharjee <bhattacharjees@mail.nih.gov>
s.boca = Simina Boca <sboca@jhsph.edu>
s.bojja = Sridhar Bojja <sbojja@fhcrc.org>
s.bollen = Sander Bollen <sander.h.bollen@gmail.com>
s.buckberry = Sam Buckberry <sam.buckberry@adelaide.edu.au>
s.calza = Stefano Calza <stefano.calza@biostatistics.it>
s.cano = Stephane Cano <DL.RSupport@pmi.com>
s.chakraborty = Sutirtha Chakraborty <sutirtha_sutir@yahoo.co.in>
s.chen = Shu Chen <sche3@fhcrc.org>
s.coetzee = Simon G Coetzee <simon@simoncoetzee.com>
Scott.Chasalow@bms.com = Scott    Chaselow <Scott.Chasalow@bms.com>
scurry = Steve Curry <scurry@fhcrc.org>
sdavis2@mail.nih.gov = Sean Davis <sdavis2@mail.nih.gov>
s.downing = Sean Downing <sdowning@fhcrc.org>
s.durinck = Steffen Durinck <sdurinck@gmail.com>
s.edwards = Stefan McKinnon Edwards <stefanm.edwards@agrsci.dk>
sethf = Seth Falcon <sfalcon@fhcrc.org>
s.eo = Soo-heang Eo <hanansh@korea.ac.kr>
s.freytag = Saskia Freytag <freytag.s@wehi.edu.au>
s.garbett = Shawn Garbett <shawn.garbett@vanderbilt.edu>
s.gassen = Sofie Van Gassen <sofie.vangassen@ugent.be>
s.gogarten = Stephanie Gogarten <sdmorris@u.washington.edu>
sgriggs = Steve Griggs <sgriggs@fhcrc.org>
s.grote = Steffi Grote <steffi_grote@eva.mpg.de>
s.gubian = Sylvain Gubian <DL.RSupport@pmi.com>
shager = shager@fhcrc.org shager@fhcrc.org <shager@fhcrc.org>
s.han = Summer Han <hans4@mail.nih.gov>
s.han2 = Seonggyun Han <hangost@ssu.ac.kr>
s.hanson = Stephen Hanson <HansonStephenL@scharp.org>
s.hartley = Stephen Hartley <JunctionSeq-contact@list.nih.gov>
s.haunsberger = Stefan Haunsberger <stefan.haunsberger@gmail.com>
shawley = Sarah Hawley <shawley@fhcrc.org>
s.hert = Susan Hert <susanh@labkey.com>
s.hicks = Stephanie Hicks <shicks@jimmy.harvard.edu>
s.hochreiter = Sepp Hochreiter <hochreit@bioinf.jku.at>
s.hunt = Sperry Hunt <sehunt@fhcrc.org>
s.kim = Sukwoo Kim <s4kim@korea.ac.kr>
s.kanaparthi = Sai Kanaparthi <skanaparthi@immunetolerance.org>
s.khan = Shahid Khan <khan@mbc-als.org>
s.kitanovsky = Simo Kitanovski <simo.kitanovski@uni-due.de>
skoon = Scott C. Koon <skoon@fhcrc.org>
s.lagstad = Stian Lågstad <stianlagstad@gmail.com>
s.langley = Scott Langley <slangley@scharp.org>
s.lee = Sharon Lee <s274lee@uwaterloo.ca>
s.li = Sue Li <sli@fhcrc.org>
s.lianoglou = Steve Lianoglou <slianoglou@gmail.com>
s.manimaran = Solaiappan Manimaran <manimaran_1975@hotmail.com>
smckinney@bccrc.ca = smckinney@bccrc.ca smckinney@bccrc.ca <smckinney@bccrc.ca>
s.morganella = S Morganella <morganellaalx@gmail.com>
s.morris = Shellie Morris <smmorris@fhcrc.org>
s.munro = Sarah Munro <sarah.munro@nist.gov>
s.neumann = Steffen Neumann <sneumann@ipb-halle.de>
s.nyangoma = Stephen Nyangoma <s.o.nyangoma@bham.ac.uk>
s.paget = Shoshana Paget <spaget@fhcrc.org>
s.pai = Shraddha Pai <Shraddha.Pai@camh.ca>
s.papillon-cavanagh = Simon Papillon-Cavanagh <simon.papillon-cavanagh@mail.mcgill.ca>
s.piccolo = Stephen R. Piccolo <stephen.piccolo@hsc.utah.edu>
s.pramana =   <>
s.pretis = Stefano de Pretis <ste.depo@gmail.com>
s.rouse = Scott Rouse <srouse@txbiomed.org>
s.sandmann = Sarah Sandmann <sarah.sandmann@uni-muenster.de>
s.saraei = Sohrab Saraei <sohrab.saraei@utu.fi>
s.sayols = Sergi Sayols <sergisayolspuig@gmail.com>
s.shah = Sohrab Shah <sshah@bccrc.ca>
s.sheppard = Sarah Sheppard <Sarah.Sheppard@umassmed.edu>
s.srivastava = Santosh Srivastava <ssrivast@fhcrc.org>
s.steffens = Scott Steffens <ss@contactsheet.org>
s.su = Shian Su <su.s@wehi.edu.au>
s.tang = Shaojun Tang <tangshao2008@gmail.com>
stefanie.scheid@molgen.mpg.de = Stefanie Scheid <stefanie.scheid@molgen.mpg.de>
s.tarazona = Sonia Tarazona <starazona@cipf.es>
steinmeb@ilya.wustl.edu = steinmeb@ilya.wustl.edu steinmeb@ilya.wustl.edu <steinmeb@ilya.wustl.edu>
s.thongjuea = Supat Thongjuea <unknown>
s.tripathi = Shailesh Tripathi <shailesh.tripathy@gmail.com>
sttrweb = Oncoscape Service Acct <paul.thurmond.shannon@gmail.com>
stvjc = Vince Carey <stvjc@channing.harvard.edu>
stwxq@channing.harvard.edu = Weiliang Qiu <stwxq@channing.harvard.edu>
sulmin@mbi.ucla.edu = sulmin@mbi.ucla.edu sulmin@mbi.ucla.edu <sulmin@mbi.ucla.edu>
sunya@appliedbiosystems.com = sunya@appliedbiosystems.com sunya@appliedbiosystems.com <sunya@appliedbiosystems.com>
s.vosse = Sjoerd Vosse <s.vosse@vumc.nl>
s.white = Shana White <vandersm@mail.uc.edu>
s.wieczorek = Samuel Wieczorek <samuel.wieczorek@cea.fr>
s.xu = Shaohang Xu <xsh.skye@gmail.com>
s.zadeh = Soroor Hediyeh Zadeh <hediyehzadeh.s@wehi.edu.au>
s.zhao = Shilin Zhao <slzhao@sibs.ac.cn>
s.zimmerman = Samuel Zimmerman <sezimmer@einstein.yu.edu>
tamandua = Carl Benson <cbenson@fhcrc.org>
tamram@labkey.com = tamram@labkey.com tamram@labkey.com <tamram@labkey.com>
t.andrews = Tallulah Andrews <tallulandrews@gmail.com>
tanja.srebotnjak@yale.edu = Tanja Srebotnjak <tanja.srebotnjak@yale.edu>
t.backman = Tyler Backman <tyler.backman@ucr.edu>
t.buschmann = Tilo Buschmann <tilo.buschmann.ac@gmail.com>
t.carroll = Tom Carroll <tc.infomatics@gmail.com>
t.casneuf = Tineke Casneuf <tineke.casneuf@psb.ugent.be>
t.chadick = Trey Chadick <tchad@labkey.com>
tchiang@fhcrc.org = Tony Chiang <tchiang@fhcrc.org>
t.chiu = Chiu Tshu-Pei <tsupeich@usc.edu>
teamcity = Trey Chadick <tchad@labkey.com>
t.cokelaer = Thomas Cokelaer <cokelaer@ebi.ac.uk>
t.creasy = Todd Creasy <creasyt@medimmune.com>
t.donn = Thomas Donn <tdonn@fredhutch.org>
telesca@stat.washington.edu = Donatello Telesca <telesca@stat.washington.edu>
t.gong = Ting Gong <tinggong@gmail.com>
t.gorrie-stone = Tyler Gorrie-Stone <tgorri@essex.ac.uk>
t.guennel = Tobias Guennel <tguennel@vcu.edu>
t.gunderson = Tina Gunderson <gunde207@umn.edu>
t.handstad = Tony Handstad <tony.handstad@gmail.com>
tharriso@fhcrc.org = Tabitha Harrison <tharriso@fhcrc.org>
t.hawkins = Terry Hawkins <thawkins@txbiomed.org>
t.holzman = Ted Holzman <tholzman@fhcrc.org>
thon_deboer@agilent.com = Thon Deboer <thon_deboer@agilent.com>
tibs@stanford.edu = Rob Pamr <tibs@stanford.edu>
tilling@gmail.com = tilling@gmail.com tilling@gmail.com <tilling@gmail.com>
t.hardcastle = Tom Hardcastle <tjh48@cam.ac.uk>
t.ilicic = Tomislav Ilicic <ti243@cam.ac.uk>
t.kuilman = Thomas Kuilman <t.kuilman@nki.nl>
t.lawson = Thomas N. Lawson <thomas.nigel.lawson@gmail.com>
t.le = Thuc Duy Le <Thuc.Le@unisa.edu.au>
tliu@fhcrc.org = Ting-Yuan Liu <tliu@fhcrc.org>
t.loving = Tymothy Loving <tyml@labkey.com>
t.lumley = Thomas Lumley <tlumley@u.washington.edu>
t.lynch = Thomas Lynch <tlynch@primate.wisc.edu>
t.martin = Tiphaine Martin Morgan <tiphaine.martin@kcl.ac.uk>
t.mayo = Tom Mayo <t.mayo@ed.ac.uk>
t.morris = Tiffany Morris <Tiffany.Morris@ucl.ac.uk>
t.muetze = Tanja Muetze <tanja.muetze14@imperial.ac.uk>
t.naake = Thomas Naake <tn299@cam.ac.uk>
t.nishiyama = Tomoaki Nishiyama <tomoakin@staff.kanazawa-u.ac.jp>
toedling@ebi.ac.uk = Jorn Todling <toedling@ebi.ac.uk>
torsten = Torsten.Hothorn@rzmail.uni-erlangen.de Torsten.Hothorn@rzmail.uni-erlangen.de <Torsten.Hothorn@rzmail.uni-erlangen.de>
t.pedersen = Thomas Dybdal Pedersen <thomasp85@gmail.com>
t.peters = Tim Peters <Tim.Peters@csiro.au>
t.randolph = Timothy Randolph <trandolp@fhcrc.org>
t.rayner = Tim F. Rayner <tfrayner@gmail.com>
t.riebenbaur = Thomas Riebenbaur <Thomas.Riebenbauer@joanneum.at>
t.sandmann = Thomas Sandmann <sandmann.t@gmail.com>
t.sherman = Thomas D Sherman <tsherma4@jhu.edu>
t.silva = Tiago Chedraoui Silva <tiagochst@usp.br>
t.smith = Tyler Smith <tyler@plantarum.ca>
t.soerensen = Till Soerensen <till-antoni.soerensen@charite.de>
t.stelling = Tobin Stelling <tstellin@scharp.org>
t.stokowy = Tomasz Stokowy <tomasz.stokowy@k2.uib.no>
t.suomi = Tomi Suomi <tomi.suomi@utu.fi>
t.tebaldi = Toma Tebaldi <tebaldi@science.unitn.it>
t.therneau = Terry Therneau <therneau.terry@mayo.edu>
t.thurnherr = Thomas Thurnherr <thomas.thurnherr@bsse.ethz.ch>
t.triche = Tim Triche <tim.triche@gmail.com>
t.turpening = Terry Turpening <tturpeni@fhcrc.org>
t.verbeke = Tobias Verbeke <tobias.verbeke@openanalytics.eu>
t.wang = Tao Wang <tao.wang.tw376@yale.edu>
t.wang2 = Ti-Tai Wang <r04945002@ntu.edu.tw>
t.wong = Ted Wong <t.wong@garvan.org.au>
t.xu = Taosheng Xu <taosheng.x@gmail.com>
t.yates = Tim Yates <tyates@picr.man.ac.uk>
t.yin = Tengfei Yin <yintengfei@gmail.com>
t.yuan = Tian Yuan <tian.yuan@ucl.ac.uk>
u.bhalla = Upi Bhalla <bhalla@ncbs.res.in>
u.bodenhofer = Ulrich Bodenhofer <bodenhofer@bioinf.jku.at>
u.lee = UnJin Lee <unjin@uchicago.edu>
u.mansmann = Ulrich Mansmann <mansmann@ibe.med.uni-muenchen.de>
upeters = upeters@fhcrc.org upeters@fhcrc.org <upeters@fhcrc.org>
u.sarkans = Ugis Sarkans <ugis@ebi.ac.uk>
v.buffalo = Vince Buffalo <vsbuffalo@ucdavis.edu>
v.franke = Vedran Franke <vedran.franke@gmail.com>
v.haberle = Vanja Haberle <vanja.haberle@bio.uib.no>
v.hovestadt = Volker Hovestadt <conumee@hovestadt.bio>
v.iotchkova = Valentina Iotchkova <vi1@sanger.ac.uk>
v.kim = Vladislav Kim <vladislav.kim@embl.de>
v.kiselev = Vladimir Kiselev <vladimir.yu.kiselev@gmail.com>
v.kulvait = Vojtech Kulvait <kulvait@gmail.com>
v.malladi = Venkat Malladi <Venkat.Malladi@UTSouthwestern.edu>
v.obenchain = Valerie Obenchain <vobencha@fhcrc.org>
v.pena = Victor Pena <vp58@stat.duke.edu>
v.petyuk = Vlad Petyuk <petyuk@gmail.com>
v.plagnol = Vincent Plagnol <vincent.plagnol@cimr.cam.ac.uk>
v.sharma = Vagisha Sharma <vsharma@u.washington.edu>
v.sherina = Valeriia Sherina <valery.sherina@gmail.com>
w.barry = William Barry <bbarry@jimmy.harvard.edu>
w.borum = Wayne Borum <borumw@ohsu.edu>
w.copeland = Wade K. Copeland <wade@kingcopeland.com>
w.deng = Wei Q. Deng <dengwq@mcmaster.ca>
weiliang.qiu@qmail.com = weiliang.qiu@qmail.com weiliang.qiu@qmail.com <weiliang.qiu@qmail.com>
wettenhall@wehi.EDU.AU = James Wettenhall <wettenhall@wehi.EDU.AU>
whalen = whalen@jimmy.harvard.edu whalen@jimmy.harvard.edu <whalen@jimmy.harvard.edu>
w.hao = Wei Hao <whao@princeton.edu>
whuber = Wolfgang Huber <w.huber@dkfz-heidelberg.de>
Wittner.Ben@mgh.harvard.edu = Ben Wittner <Wittner.Ben@mgh.harvard.edu>
w.kaisers = Wolfgang Kaisers <kaisers@med.uni-duesseldorf.de>
wlai@alum.mit.edu = wlai@alum.mit.edu wlai@alum.mit.edu <wlai@alum.mit.edu>
wlaw@fhcrc.org = Wendy Law <wlaw@fhcrc.org>
w.ligtenberg = Willem Ligtenberg <willem.ligtenberg@openanalytics.eu>
w.luo = Weijun Luo <luo@cshl.edu>
wmchad = William Chad Young <wmchad@uw.edu>
wnels2@email.uky.edu = wnels2@email.uky.edu wnels2@email.uky.edu <wnels2@email.uky.edu>
wolfe@scharp.org = wolfe@scharp.org wolfe@scharp.org <wolfe@scharp.org>
w.qiu = Weiliang Qiu <stwxq@channing.harvard.edu>
w.rogers = Wade Rogers <rogersw@mail.med.upenn.edu>
w.ruzzo = Walter Ruzzo <ruzzo@cs.washington.edu>
w.shi = Wei  Shi <shi@wehi.edu.au>
w.stacklies = Wolfram Stacklies <wolfram.stacklies@gmail.com>
wolski@molgen.mpg.de = Witold Eryk Wolski <wolski@molgen.mpg.de>
wongch@bii.a-star.edu.sg = wongch@bii.a-star.edu.sg wongch@bii.a-star.edu.sg <wongch@bii.a-star.edu.sg>
w.souza = Welliton Souza <well309@gmail.com>
w.sun = Wei Sun <wsun@bios.unc.edu>
w.talloen = Willem Talloen <wtalloen@its.jnj.com>
wwartell = Wendy Wartelle <wwartell@fhcrc.org>
w.wheeler = William Wheeler <wheelerb@imsweb.com>
w.wieringen = Wessel N. van Wieringen <w.vanwieringen@vumc.nl>
w.yang = Wentao Yang <wyang@zoologie.uni-kiel.de>
w.yao = Wen Yao <ywhzau@gmail.com>
w.zhu = Wei Zhu <zhuw@medimmune.com>
x.cao = Xueyuan Cao Cao <xueyuan.cao@stjude.org>
xguo@tigr.org = xguo@tigr.org xguo@tigr.org <xguo@tigr.org>
xiaochun = xiaochun@jimmy.harvard.edu xiaochun@jimmy.harvard.edu <xiaochun@jimmy.harvard.edu>
xi.wang = Xi Wang <Xi.Wang@newcastle.edu.au>
xing.yang = Xing Yang <xyang@labkey.com>
xi.yang = Xinan Yang <xyang2@uchicago.edu>
x.liu = Xuejun Liu <xuejun.liu@nuaa.edu.cn>
xueli = Xuejun Arthur Li <xueli@coh.org>
x.wang = Xin Wang <Xin_Wang@hms.harvard.edu>
x.xing = Xiaobin Xing <xiaobinxing0316@gmail.com>
x.yang = Xinyi Yang <yangxinyi@picb.ac.cn>
x.zeng = Xin Zeng <xinzeng@stat.wisc.edu>
x.zhang2 = Xian Zhang <xianzhang@gmail.com>
x.zhang = Xuekui Zhang <xzhang@stat.ubc.ca>
x.zhang3 = Xiangli Zhang <zhangju@cc.umanitoba.ca>
x.zhao = Xiaobei Zhao <xiaobei@binf.ku.dk>
x.zheng = Xiuwen Zheng <zhengx@u.washington.edu>
x.zhenyu = Zhenyu Xu <zhenyu@ebi.ac.uk>
x.zhou = Xiaoyuan Zhou <zhouxiaoyuan@picb.ac.cn>
yandell@stat.wisc.edu = yandell@stat.wisc.edu yandell@stat.wisc.edu <yandell@stat.wisc.edu>
yang.cao = Yang Cao <amms.yang.cao@gmail.com>
yann.ruffieux@epfl.ch = yann.ruffieux@epfl.ch yann.ruffieux@epfl.ch <yann.ruffieux@epfl.ch>
y.assenov = Yassen Assenov <yassen@mpi-inf.mpg.de>
y.boss = Yuval Boss <yuval@yuvalboss.com>
y.cao = Y. Eddie Cao <ycao@bioinfo.ucr.edu>
y.chen = Yunshun Chen <yuchen@wehi.edu.au>
y.du = Yang Du <duyang@fbn-dummerstorf.de>
y.ge = Yongchao Ge <yongchao.ge@gmail.com>
y.ho = Yen-Yi Ho <yho@jhsph.edu>
ying.hu = Ying Hu  <yhu@mail.nih.gov>
y.hu = Yifang Hu  <hu@wehi.edu.au>
y.jiang = Yuchao Jiang <yuchaoj@wharton.upenn.edu>
y.jiao = Yinming Jiao <20907099@mail.zju.edu.cn>
y.jin = Yin Jin <golden.jinyin@gmail.com>
y.kong = Yu Kong <yu.kong@phd.einstein.yu.edu>
y.li = Ye Li <lye@uchc.edu>
y.liao = Yang Liao <liao@wehi.edu.au>
y.lin = Yi Lin <ylin2@fhcrc.org>
y.liu = Yuanhua Liu <liuyuanhua@picb.ac.cn>
y.liu2 = 7/31/2015 Yuanhang <LiuY12@livemail.uthscsa.edu>
y.rahmatallah = Yasir Rahmatallah <yrahmatallah@uams.edu>
y.shen = Ying Shen <yshen3@bu.edu>
y.sun = Yu Sun <sunyu1357@gmail.com>
y.taguchi = Y-h Taguchi <tag@granular.com>
ytakata@fhcrc.org = Yumie Takata <ytakata@fhcrc.org>
y.tan = Yuan-De Tan <tanyuande@gmail.com>
y.tian = Yuan Tian <tianyuan1991hit@live.com>
yuchuan@stat.Berkeley.EDU = yuchuan@stat.Berkeley.EDU yuchuan@stat.Berkeley.EDU <yuchuan@stat.Berkeley.EDU>
yue.li = Yue Li <yueli@cs.toronto.edu>
Yves.D'aubenton@cgm.cnrs-gif.fr = Yves d'Aubenton <Yves.D'aubenton@cgm.cnrs-gif.fr>
y.wei = Yingying Wei <ywei@jhsph.edu>
yxiao@itsa.ucsf.edu = Yuanyuan Xiao <yxiao@itsa.ucsf.edu>
y.yang = Yarong Yang <yarong.yang@ndsu.edu>
y.yuan = Yinyin Yuan <yy341@cam.ac.uk>
y.zhang = Yuzheng Zhang <yzhang@fhcrc.org>
y.zhang2 = Yuqing Zhang <zhangyuqing.pkusms@gmail.com>
y.zhang3 = Yu Zhang <zy26@jlu.edu.cn>
y.zhou = Yan Zhou <zhouy1016@163.com>
yzizhen@cs.washington.edu = Zizhen Yao <yzizhen@cs.washington.edu>
z.fahmi = Zahra Fahmi <zahra.fahmi@babraham.ac.uk>
z.gu = Zuguang Gu <z.gu@dkfz.de>
z.guo = Zheng Guo <guoz@ems.hrbmu.edu.cn>
zhong@ams.jhu.edu = zhong@ams.jhu.edu zhong@ams.jhu.edu <zhong@ams.jhu.edu>
z.ji = Zhicheng Ji <zji4@jhu.edu>
z.jia = Jia Zhilong <zhilongjia@gmail.com>
zjiang@fhcrc.org = Zhen Jiang <zjiang@fhcrc.org>
z.kurt = Zeyneb Kurt <zeyneb@ucla.edu>
z.li = Zhenpeng Li <zpli21@gmail.com>
z.pietro = Zoppoli Pietro <zoppoli.pietro@gmail.com>
z.skidmore = Zachary Skidmore <zskidmor@genome.wustl.edu>
z.stednick = Zach Stednick <zstednic@fhcrc.org>
zwu@jhsph.edu = Wu Zhijin (Jean) <zwu@jhsph.edu>
z.xu = Zongli Xu <xuz@niehs.nih.gov>
zyang@fhcrc.org = zyang@fhcrc.org zyang@fhcrc.org <zyang@fhcrc.org>
z.yang = Zhen Yang <yangzhen@picb.ac.cn>
z.yao = Zizhen Yao <yzizhen@fhcrc.org>
z.yu = Zhang Yu <zy26@jlu.edu.cn>
biocbuild =   <>
torgroup = Seth Falcon <>
libng =   <>
v.chagas = Vinicius Chagas <vinicius.chagas@ufpr.br>
Aedin.Culhane@ucd.ie = Aedin.Culhane@ucd.ie Aedin.Culhane@ucd.ie <Aedin.Culhane@ucd.ie>
a.gutierrez-sacristan = a.gutierrez-sacristan a.gutierrez-sacristan <a.gutierrez-sacristan>
akatz@fhcrc.org = akatz@fhcrc.org akatz@fhcrc.org <akatz@fhcrc.org>
alexa@mpi-inf.mpg.de = alexa@mpi-inf.mpg.de alexa@mpi-inf.mpg.de <alexa@mpi-inf.mpg.de>
Alexander.Ploner@ki.se = Alexander.Ploner@ki.se Alexander.Ploner@ki.se <Alexander.Ploner@ki.se>
alexandre.kuhn@isb-sib.ch = alexandre.kuhn@isb-sib.ch alexandre.kuhn@isb-sib.ch <alexandre.kuhn@isb-sib.ch>
Anja.von.Heydebreck@merck.de = Anja.von.Heydebreck@merck.de Anja.von.Heydebreck@merck.de <Anja.von.Heydebreck@merck.de>
antoinelucas@libertysurf.fr = antoinelucas@libertysurf.fr antoinelucas@libertysurf.fr <antoinelucas@libertysurf.fr>
apaquet = apaquet apaquet <apaquet>
atarca@med.wayne.edu = atarca@med.wayne.edu atarca@med.wayne.edu <atarca@med.wayne.edu>
bellis = bellis bellis <bellis>
bembom@berkeley.edu = bembom@berkeley.edu bembom@berkeley.edu <bembom@berkeley.edu>
bhodges@fhcrc.org = bhodges@fhcrc.org bhodges@fhcrc.org <bhodges@fhcrc.org>
b.klaus = b.klaus b.klaus <b.klaus>
bullard@berkeley.edu = bullard@berkeley.edu bullard@berkeley.edu <bullard@berkeley.edu>
b.zhang = b.zhang b.zhang <b.zhang>
c.cabanski = c.cabanski c.cabanski <c.cabanski>
c.danko = c.danko c.danko <c.danko>
Claudio.Lottaz@molgen.mpg.de = Claudio.Lottaz@molgen.mpg.de Claudio.Lottaz@molgen.mpg.de <Claudio.Lottaz@molgen.mpg.de>
clin@fhcrc.org = clin@fhcrc.org clin@fhcrc.org <clin@fhcrc.org>
craig.parman@bifix.org = craig.parman@bifix.org craig.parman@bifix.org <craig.parman@bifix.org>
crispin = crispin crispin <crispin>
c.trapnell = c.trapnell c.trapnell <c.trapnell>
d.bindrei = d.bindrei d.bindrei <d.bindrei>
ddiez@iib.uam.es = ddiez@iib.uam.es ddiez@iib.uam.es <ddiez@iib.uam.es>
deepayan@stat.wisc.edu = deepayan@stat.wisc.edu deepayan@stat.wisc.edu <deepayan@stat.wisc.edu>
dfcimm1 = dfcimm1 dfcimm1 <dfcimm1>
dfcimm2 = dfcimm2 dfcimm2 <dfcimm2>
dfcimm3 = dfcimm3 dfcimm3 <dfcimm3>
dfcimm4 = dfcimm4 dfcimm4 <dfcimm4>
dfcimm5 = dfcimm5 dfcimm5 <dfcimm5>
dsarkar@fhcrc.org = dsarkar@fhcrc.org dsarkar@fhcrc.org <dsarkar@fhcrc.org>
dscholtens@northwestern.edu = dscholtens@northwestern.edu dscholtens@northwestern.edu <dscholtens@northwestern.edu>
duncan@wald.ucdavis.edu = duncan@wald.ucdavis.edu duncan@wald.ucdavis.edu <duncan@wald.ucdavis.edu>
dupan@northwestern.edu = dupan@northwestern.edu dupan@northwestern.edu <dupan@northwestern.edu>
durinck = durinck durinck <durinck>
e.fertig = e.fertig e.fertig <e.fertig>
effiken@gmail.com = effiken@gmail.com effiken@gmail.com <effiken@gmail.com>
enrico.carlon@polytech.lille.fr = enrico.carlon@polytech.lille.fr enrico.carlon@polytech.lille.fr <enrico.carlon@polytech.lille.fr>
errol_strain@bd.com = errol_strain@bd.com errol_strain@bd.com <errol_strain@bd.com>
ewhalen = ewhalen ewhalen <ewhalen>
f.ferrari = f.ferrari f.ferrari <f.ferrari>
fhong@salk.edu = fhong@salk.edu fhong@salk.edu <fhong@salk.edu>
florian@genomics.princeton.edu = florian@genomics.princeton.edu florian@genomics.princeton.edu <florian@genomics.princeton.edu>
fraley@stat.washington.edu = fraley@stat.washington.edu fraley@stat.washington.edu <fraley@stat.washington.edu>
gareth.elvidge@well.ox.ac.uk = gareth.elvidge@well.ox.ac.uk gareth.elvidge@well.ox.ac.uk <gareth.elvidge@well.ox.ac.uk>
gcorral@ifc.unam.mx = gcorral@ifc.unam.mx gcorral@ifc.unam.mx <gcorral@ifc.unam.mx>
gracesle@snu.ac.kr = gracesle@snu.ac.kr gracesle@snu.ac.kr <gracesle@snu.ac.kr>
gregory.r.warnes@pfizer.com = gregory.r.warnes@pfizer.com gregory.r.warnes@pfizer.com <gregory.r.warnes@pfizer.com>
hb@maths.lth.se = hb@maths.lth.se hb@maths.lth.se <hb@maths.lth.se>
hcho@virginia.edu = hcho@virginia.edu hcho@virginia.edu <hcho@virginia.edu>
holger.schwender@uni-dortmund.de = holger.schwender@uni-dortmund.de holger.schwender@uni-dortmund.de <holger.schwender@uni-dortmund.de>
hornik = hornik hornik <hornik>
hpages@fhcrc.org = hpages@fhcrc.org hpages@fhcrc.org <hpages@fhcrc.org>
hui.zhao@biw.kuleuven.be = hui.zhao@biw.kuleuven.be hui.zhao@biw.kuleuven.be <hui.zhao@biw.kuleuven.be>
hummel@ibe.med.uni-muenchen.de = hummel@ibe.med.uni-muenchen.de hummel@ibe.med.uni-muenchen.de <hummel@ibe.med.uni-muenchen.de>
hwchoi@umich.edu = hwchoi@umich.edu hwchoi@umich.edu <hwchoi@umich.edu>
i.nassiri = i.nassiri i.nassiri <i.nassiri>
Jean = Jean Jean <Jean>
jfridlyand@cc.ucsf.edu = jfridlyand@cc.ucsf.edu jfridlyand@cc.ucsf.edu <jfridlyand@cc.ucsf.edu>
jhnzhang = jhnzhang jhnzhang <jhnzhang>
jihoon@cs.wisc.edu = jihoon@cs.wisc.edu jihoon@cs.wisc.edu <jihoon@cs.wisc.edu>
Jim = Jim Jim <Jim>
Hester = Hester Hester <Hester>
J.J.Goeman@lumc.nl = J.J.Goeman@lumc.nl J.J.Goeman@lumc.nl <J.J.Goeman@lumc.nl>
j.mar = j.mar j.mar <j.mar>
jmc = jmc jmc <jmc>
johannes.rainer@tugraz.at = johannes.rainer@tugraz.at johannes.rainer@tugraz.at <johannes.rainer@tugraz.at>
j.oosting@lumc.nl = j.oosting@lumc.nl j.oosting@lumc.nl <j.oosting@lumc.nl>
jspidlen@bccrc.ca = jspidlen@bccrc.ca jspidlen@bccrc.ca <jspidlen@bccrc.ca>
j.wing = j.wing j.wing <j.wing>
kajen = kajen kajen <kajen>
Karl.Dykema@vai.org = Karl.Dykema@vai.org Karl.Dykema@vai.org <Karl.Dykema@vai.org>
keith@wehi.edu.au = keith@wehi.edu.au keith@wehi.edu.au <keith@wehi.edu.au>
k.icay = k.icay k.icay <k.icay>
kohl@sirs-lab.com = kohl@sirs-lab.com kohl@sirs-lab.com <kohl@sirs-lab.com>
korbinian.strimmer@lmu.de = korbinian.strimmer@lmu.de korbinian.strimmer@lmu.de <korbinian.strimmer@lmu.de>
laurent@cbs.dtu.dk = laurent@cbs.dtu.dk laurent@cbs.dtu.dk <laurent@cbs.dtu.dk>
laurent = laurent laurent <laurent>
leisch = leisch leisch <leisch>
lei.wu@jax.org = lei.wu@jax.org lei.wu@jax.org <lei.wu@jax.org>
ligia@ebi.ac.uk = ligia@ebi.ac.uk ligia@ebi.ac.uk <ligia@ebi.ac.uk>
liux@cs.man.ac.uk = liux@cs.man.ac.uk liux@cs.man.ac.uk <liux@cs.man.ac.uk>
ltarca@biota.rsvs.ulaval.ca = ltarca@biota.rsvs.ulaval.ca ltarca@biota.rsvs.ulaval.ca <ltarca@biota.rsvs.ulaval.ca>
ma3mls@bath.ac.uk = ma3mls@bath.ac.uk ma3mls@bath.ac.uk <ma3mls@bath.ac.uk>
madman = madman madman <madman>
m.barenco@ucl.ac.uk = m.barenco@ucl.ac.uk m.barenco@ucl.ac.uk <m.barenco@ucl.ac.uk>
m.cao = m.cao m.cao <m.cao>
md392@cam.ac.uk = md392@cam.ac.uk md392@cam.ac.uk <md392@cam.ac.uk>
mer36@cam.ac.uk = mer36@cam.ac.uk mer36@cam.ac.uk <mer36@cam.ac.uk>
m.futschik@biologie.hu-berlin.de = m.futschik@biologie.hu-berlin.de m.futschik@biologie.hu-berlin.de <m.futschik@biologie.hu-berlin.de>
m.love = m.love m.love <m.love>
mls40@cam.ac.uk = mls40@cam.ac.uk mls40@cam.ac.uk <mls40@cam.ac.uk>
MOkoniewski@picr.man.ac.uk = MOkoniewski@picr.man.ac.uk MOkoniewski@picr.man.ac.uk <MOkoniewski@picr.man.ac.uk>
mpellegri@rockefeller.edu = mpellegri@rockefeller.edu mpellegri@rockefeller.edu <mpellegri@rockefeller.edu>
m.ruschhaupt@dkfz-heidelberg.de = m.ruschhaupt@dkfz-heidelberg.de m.ruschhaupt@dkfz-heidelberg.de <m.ruschhaupt@dkfz-heidelberg.de>
mtmorgan@fhcrc.org = mtmorgan@fhcrc.org mtmorgan@fhcrc.org <mtmorgan@fhcrc.org>
naras@stat.Stanford.EDU = naras@stat.Stanford.EDU naras@stat.Stanford.EDU <naras@stat.Stanford.EDU>
nikko@hailmail.net = nikko@hailmail.net nikko@hailmail.net <nikko@hailmail.net>
nikko = nikko nikko <nikko>
Nitin.Jain@pfizer.com = Nitin.Jain@pfizer.com Nitin.Jain@pfizer.com <Nitin.Jain@pfizer.com>
nlemeur@fhcrc.org = nlemeur@fhcrc.org nlemeur@fhcrc.org <nlemeur@fhcrc.org>
nli@fhcrc.org = nli@fhcrc.org nli@fhcrc.org <nli@fhcrc.org>
author) = author) author) <author)>
olshena@MSKCC.ORG = olshena@MSKCC.ORG olshena@MSKCC.ORG <olshena@MSKCC.ORG>
osklyar@ebi.ac.uk = osklyar@ebi.ac.uk osklyar@ebi.ac.uk <osklyar@ebi.ac.uk>
p.aboyoun = p.aboyoun p.aboyoun <p.aboyoun>
Perry_D_Haaland@bd.com = Perry_D_Haaland@bd.com Perry_D_Haaland@bd.com <Perry_D_Haaland@bd.com>
peter.warren@verizon.net = peter.warren@verizon.net peter.warren@verizon.net <peter.warren@verizon.net>
Philippe.Hupe@curie.fr = Philippe.Hupe@curie.fr Philippe.Hupe@curie.fr <Philippe.Hupe@curie.fr>
pi.broberg@swipnet.se = pi.broberg@swipnet.se pi.broberg@swipnet.se <pi.broberg@swipnet.se>
pierre.neuvial@curie.fr = pierre.neuvial@curie.fr pierre.neuvial@curie.fr <pierre.neuvial@curie.fr>
p.neuvial = p.neuvial p.neuvial <p.neuvial>
post@gunnarwrobel.de = post@gunnarwrobel.de post@gunnarwrobel.de <post@gunnarwrobel.de>
p.romero = p.romero p.romero <p.romero>
pshannon@systemsbiology.org = pshannon@systemsbiology.org pshannon@systemsbiology.org <pshannon@systemsbiology.org>
qson003@stat.auckland.ac.nz = qson003@stat.auckland.ac.nz qson003@stat.auckland.ac.nz <qson003@stat.auckland.ac.nz>
radivot@hal.EPBI.cwru.edu = radivot@hal.EPBI.cwru.edu radivot@hal.EPBI.cwru.edu <radivot@hal.EPBI.cwru.edu>
raffaele.calogero@unito.it = raffaele.calogero@unito.it raffaele.calogero@unito.it <raffaele.calogero@unito.it>
raph@rglab.org = raph@rglab.org raph@rglab.org <raph@rglab.org>
raph@stat.ubc.ca = raph@stat.ubc.ca raph@stat.ubc.ca <raph@stat.ubc.ca>
raph@u.washington.edu = raph@u.washington.edu raph@u.washington.edu <raph@u.washington.edu>
rbrinkman@bccrc.ca = rbrinkman@bccrc.ca rbrinkman@bccrc.ca <rbrinkman@bccrc.ca>
ritchie@ebi.ac.uk = ritchie@ebi.ac.uk ritchie@ebi.ac.uk <ritchie@ebi.ac.uk>
rkennedy@vcu.edu = rkennedy@vcu.edu rkennedy@vcu.edu <rkennedy@vcu.edu>
rossini = rossini rossini <rossini>
ross.lazarus@channing.harvard.edu = ross.lazarus@channing.harvard.edu ross.lazarus@channing.harvard.edu <ross.lazarus@channing.harvard.edu>
r.sauteraud = r.sauteraud r.sauteraud <r.sauteraud>
rscharpf@jhsph.edu = rscharpf@jhsph.edu rscharpf@jhsph.edu <rscharpf@jhsph.edu>
saikat = saikat saikat <saikat>
sandrokim@gmail.com = sandrokim@gmail.com sandrokim@gmail.com <sandrokim@gmail.com>
sdavis2@mail.nih.gov = sdavis2@mail.nih.gov sdavis2@mail.nih.gov <sdavis2@mail.nih.gov>
sdurinck@ebi.ac.uk = sdurinck@ebi.ac.uk sdurinck@ebi.ac.uk <sdurinck@ebi.ac.uk>
sdurinck = sdurinck sdurinck <sdurinck>
s.gibb = s.gibb s.gibb <s.gibb>
s.iacus = s.iacus s.iacus <s.iacus>
s.kitanovski = s.kitanovski s.kitanovski <s.kitanovski>
s.lepape = s.lepape s.lepape <s.lepape>
smckinney@bccrc.ca = smckinney@bccrc.ca smckinney@bccrc.ca <smckinney@bccrc.ca>
smyth = smyth smyth <smyth>
smyth@wehi.edu.au = smyth@wehi.edu.au smyth@wehi.edu.au <smyth@wehi.edu.au>
stacklies@mpimp-golm.mpg.de = stacklies@mpimp-golm.mpg.de stacklies@mpimp-golm.mpg.de <stacklies@mpimp-golm.mpg.de>
stefanie.scheid@molgen.mpg.de = stefanie.scheid@molgen.mpg.de stefanie.scheid@molgen.mpg.de <stefanie.scheid@molgen.mpg.de>
stwxq@channing.harvard.edu = stwxq@channing.harvard.edu stwxq@channing.harvard.edu <stwxq@channing.harvard.edu>
sunya@appliedbiosystems.com = sunya@appliedbiosystems.com sunya@appliedbiosystems.com <sunya@appliedbiosystems.com>
tchiang@fhcrc.org = tchiang@fhcrc.org tchiang@fhcrc.org <tchiang@fhcrc.org>
t.girke = t.girke t.girke <t.girke>
thon_deboer@agilent.com = thon_deboer@agilent.com thon_deboer@agilent.com <thon_deboer@agilent.com>
tilling@gmail.com = tilling@gmail.com tilling@gmail.com <tilling@gmail.com>
tliu@fhcrc.org = tliu@fhcrc.org tliu@fhcrc.org <tliu@fhcrc.org>
toedling@ebi.ac.uk = toedling@ebi.ac.uk toedling@ebi.ac.uk <toedling@ebi.ac.uk>
venkatre@mskcc.org = venkatre@mskcc.org venkatre@mskcc.org <venkatre@mskcc.org>
wbarry@bios.unc.edu = wbarry@bios.unc.edu wbarry@bios.unc.edu <wbarry@bios.unc.edu>
weiliang.qiu@gmail.com = weiliang.qiu@gmail.com weiliang.qiu@gmail.com <weiliang.qiu@gmail.com>
wettenhall@wehi.EDU.AU = wettenhall@wehi.EDU.AU wettenhall@wehi.EDU.AU <wettenhall@wehi.EDU.AU>
wlai@alum.mit.edu = wlai@alum.mit.edu wlai@alum.mit.edu <wlai@alum.mit.edu>
wolski@molgen.mpg.de = wolski@molgen.mpg.de wolski@molgen.mpg.de <wolski@molgen.mpg.de>
xguo@tigr.org = xguo@tigr.org xguo@tigr.org <xguo@tigr.org>
xiaojing.wang = xiaojing.wang xiaojing.wang <xiaojing.wang>
yandell@stat.wisc.edu = yandell@stat.wisc.edu yandell@stat.wisc.edu <yandell@stat.wisc.edu>
yann.ruffieux@epfl.ch = yann.ruffieux@epfl.ch yann.ruffieux@epfl.ch <yann.ruffieux@epfl.ch>
yongchao = yongchao yongchao <yongchao>
yuchuan@stat.Berkeley.EDU = yuchuan@stat.Berkeley.EDU yuchuan@stat.Berkeley.EDU <yuchuan@stat.Berkeley.EDU>
yxiao@itsa.ucsf.edu = yxiao@itsa.ucsf.edu yxiao@itsa.ucsf.edu <yxiao@itsa.ucsf.edu>
zhong@ams.jhu.edu = zhong@ams.jhu.edu zhong@ams.jhu.edu <zhong@ams.jhu.edu>
zwu@jhsph.edu = zwu@jhsph.edu zwu@jhsph.edu <zwu@jhsph.edu>
(no author) = no_author <no_author@no_author>
(no author) = no author no_author <noauthor@nowhere.com>
